【整租】远江公寓 运河大街 运河大街店,【整租】远江公寓,2380-3080,http://bj.58.com/pinpaigongyu/30566901515972x.shtml?psid=108416288196839319321214638
【合租】常营 保利嘉园 3室主卧,保利嘉园,2410,http://bj.58.com/pinpaigongyu/30833921542321x.shtml?psid=108416288196839319321214638
【整租】远江公寓 运河大街 运河大街店,【整租】远江公寓,2590-3090,http://bj.58.com/pinpaigongyu/30866415792811x.shtml?psid=108416288196839319321214638
【合租】潘家园 潘家园东里 3室次卧,潘家园东里,2380,http://bj.58.com/pinpaigongyu/30942987265214x.shtml?psid=108416288196839319321214638
【合租】常营 保利嘉园 3室主卧,保利嘉园,2410,http://bj.58.com/pinpaigongyu/30820276675280x.shtml?psid=108416288196839319321214638
【整租】熊猫公寓 南磨房 北工大店,【整租】熊猫公寓,3500-4200,http://bj.58.com/pinpaigongyu/30866410978503x.shtml?psid=108416288196839319321214638
【整租】回龙观 龙腾苑三区 1室0厅,龙腾苑三区,3200,http://bj.58.com/pinpaigongyu/30730945270337x.shtml?psid=108416288196839319321214638
【整租】远江公寓 运河大街 运河大街店,【整租】远江公寓,2990-3790,http://bj.58.com/pinpaigongyu/30843893268029x.shtml?psid=108416288196839319321214638
【整租】沙河 顺沙路8号院一区 2室1厅,顺沙路8号院一区,3400,http://bj.58.com/pinpaigongyu/30940316726841x.shtml?psid=108416288196839319321214638
【合租】劲松 建工家园 3室次卧,建工家园,2280,http://bj.58.com/pinpaigongyu/30775858904142x.shtml?psid=108416288196839319321214638
【整租】建国门 窝趣公寓WOWQ 1室0厅,窝趣公寓WOWQ,3900,http://bj.58.com/pinpaigongyu/30703689289808x.shtml?psid=108416288196839319321214638
【整租】好客公寓 亦庄 好客公寓,【整租】好客公寓,2800-3000,http://bj.58.com/pinpaigongyu/29514289157965x.shtml?psid=108416288196839319321214638
【合租】八里庄 八里庄南里小区 3室主卧,八里庄南里小区,2090,http://bj.58.com/pinpaigongyu/30568307064364x.shtml?psid=108416288196839319321214638
【合租】北关 新建村(二期) 3室主卧,新建村(二期),2180,http://bj.58.com/pinpaigongyu/30501455393104x.shtml?psid=108416288196839319321214638
【合租】望京 望京西园一区 3室次卧,望京西园一区,2270,http://bj.58.com/pinpaigongyu/30865692202699x.shtml?psid=108416288196839319321214638
【整租】青遇home 垡头 青遇彩虹里社区,垡头,2200,http://bj.58.com/pinpaigongyu/30568413366962x.shtml?psid=108416288196839319321214638
【合租】CBD 慈云寺 3室主卧,慈云寺,2150,http://bj.58.com/pinpaigongyu/30799018460739x.shtml?psid=108416288196839319321214638
【整租】东坝 金隅汇景苑四区 2室2厅,金隅汇景苑四区,3900,http://bj.58.com/pinpaigongyu/30354844294313x.shtml?psid=108416288196839319321214638
【整租】东坝 东泽园 2室1厅,东泽园,3800,http://bj.58.com/pinpaigongyu/29978570429619x.shtml?psid=108416288196839319321214638
【整租】东坝 北京城建福润四季 1室1厅,北京城建福润四季,3000,http://bj.58.com/pinpaigongyu/30443638487358x.shtml?psid=108416288196839319321214638
【整租】远江公寓 运河大街 运河大街店,【整租】远江公寓,2380-3080,http://bj.58.com/pinpaigongyu/30566901515972x.shtml?psid=181955421196839320027267871
【合租】常营 中弘北京像素北区 3室主卧,中弘北京像素北区,2580,http://bj.58.com/pinpaigongyu/30755007040056x.shtml?psid=181955421196839320027267871
【整租】远江公寓 运河大街 运河大街店,【整租】远江公寓,2590-3090,http://bj.58.com/pinpaigongyu/30866415792811x.shtml?psid=181955421196839320027267871
【整租】天竺 天竺花园京北公寓 1室1厅,天竺花园京北公寓,3000,http://bj.58.com/pinpaigongyu/30399425933755x.shtml?psid=181955421196839320027267871
【整租】沙河 顺沙路8号院一区 2室1厅,顺沙路8号院一区,3400,http://bj.58.com/pinpaigongyu/30940316726841x.shtml?psid=181955421196839320027267871
【整租】熊猫公寓 南磨房 北工大店,【整租】熊猫公寓,3500-4200,http://bj.58.com/pinpaigongyu/30866410978503x.shtml?psid=181955421196839320027267871
【整租】新华大街 潞河园 1室1厅,潞河园,2080,http://bj.58.com/pinpaigongyu/30852396850250x.shtml?psid=181955421196839320027267871
【整租】远江公寓 运河大街 运河大街店,【整租】远江公寓,2990-3790,http://bj.58.com/pinpaigongyu/30843893268029x.shtml?psid=181955421196839320027267871
【合租】西红门 兴海家园月苑 3室主卧,兴海家园月苑,2100,http://bj.58.com/pinpaigongyu/30922677636407x.shtml?psid=181955421196839320027267871
【合租】东直门 东直门内北小街8 3室次卧,东直门内北小街8,2870,http://bj.58.com/pinpaigongyu/30933607209012x.shtml?psid=181955421196839320027267871
【整租】东坝 金隅汇景苑四区 3室1厅,金隅汇景苑四区,3900,http://bj.58.com/pinpaigongyu/30288270475690x.shtml?psid=181955421196839320027267871
【整租】好客公寓 亦庄 好客公寓,【整租】好客公寓,2800-3000,http://bj.58.com/pinpaigongyu/29514289157965x.shtml?psid=181955421196839320027267871
【整租】玉桥 葛布店北里 2室1厅,葛布店北里,2600,http://bj.58.com/pinpaigongyu/30866891422145x.shtml?psid=181955421196839320027267871
【整租】东坝 丽湾家园 2室1厅,丽湾家园,3800,http://bj.58.com/pinpaigongyu/29538722063810x.shtml?psid=181955421196839320027267871
【整租】建国门 窝趣公寓WOWQ 1室0厅,窝趣公寓WOWQ,3900,http://bj.58.com/pinpaigongyu/30703689289808x.shtml?psid=181955421196839320027267871
【整租】青遇home 垡头 青遇彩虹里社区,垡头,2200,http://bj.58.com/pinpaigongyu/30568413366962x.shtml?psid=181955421196839320027267871
【合租】八里庄 八里庄南里小区 3室主卧,八里庄南里小区,2090,http://bj.58.com/pinpaigongyu/30568307064364x.shtml?psid=181955421196839320027267871
【合租】北关 新建村(二期) 3室主卧,新建村(二期),2180,http://bj.58.com/pinpaigongyu/30501455393104x.shtml?psid=181955421196839320027267871
【合租】望京 望京西园一区 3室次卧,望京西园一区,2270,http://bj.58.com/pinpaigongyu/30865692202699x.shtml?psid=181955421196839320027267871
【整租】东坝 金隅汇景苑四区 2室2厅,金隅汇景苑四区,3900,http://bj.58.com/pinpaigongyu/30411229544497x.shtml?psid=181955421196839320027267871
【整租】远江公寓 运河大街 运河大街店,【整租】远江公寓,2380-3080,http://bj.58.com/pinpaigongyu/30566901515972x.shtml?psid=172849986196839320734865594
【整租】沙河 顺沙路8号院一区 2室1厅,顺沙路8号院一区,3400,http://bj.58.com/pinpaigongyu/30940316726841x.shtml?psid=172849986196839320734865594
【整租】远江公寓 运河大街 运河大街店,【整租】远江公寓,2590-3090,http://bj.58.com/pinpaigongyu/30866415792811x.shtml?psid=172849986196839320734865594
【整租】新华大街 潞河园 1室1厅,潞河园,2080,http://bj.58.com/pinpaigongyu/30852396850250x.shtml?psid=172849986196839320734865594
【整租】劲松 劲松三区 1室1厅,劲松三区,3700,http://bj.58.com/pinpaigongyu/30922195591736x.shtml?psid=172849986196839320734865594
【整租】熊猫公寓 南磨房 北工大店,【整租】熊猫公寓,3500-4200,http://bj.58.com/pinpaigongyu/30866410978503x.shtml?psid=172849986196839320734865594
【合租】东直门 东直门内北小街8 3室次卧,东直门内北小街8,2870,http://bj.58.com/pinpaigongyu/30933607209012x.shtml?psid=172849986196839320734865594
【整租】远江公寓 运河大街 运河大街店,【整租】远江公寓,2990-3790,http://bj.58.com/pinpaigongyu/30843893268029x.shtml?psid=172849986196839320734865594
【整租】望京 香江北岸 1室1厅,香江北岸,3500,http://bj.58.com/pinpaigongyu/30391838206143x.shtml?psid=172849986196839320734865594
【合租】惠新西街 惠新西街33号院 3室主卧,惠新西街33号院,3240,http://bj.58.com/pinpaigongyu/30932270279882x.shtml?psid=172849986196839320734865594
【整租】东坝 金隅汇景苑四区 2室2厅,金隅汇景苑四区,3900,http://bj.58.com/pinpaigongyu/30411229544497x.shtml?psid=172849986196839320734865594
【整租】好客公寓 亦庄 好客公寓,【整租】好客公寓,2800-3000,http://bj.58.com/pinpaigongyu/29514289157965x.shtml?psid=172849986196839320734865594
【整租】东坝 金隅汇景苑四区 2室2厅,金隅汇景苑四区,3900,http://bj.58.com/pinpaigongyu/30354844294313x.shtml?psid=172849986196839320734865594
【整租】东坝 东泽园 2室1厅,东泽园,3800,http://bj.58.com/pinpaigongyu/29978570429619x.shtml?psid=172849986196839320734865594
【整租】东坝 北京城建福润四季 1室1厅,北京城建福润四季,3000,http://bj.58.com/pinpaigongyu/30443638487358x.shtml?psid=172849986196839320734865594
【整租】青遇home 垡头 青遇彩虹里社区,垡头,2200,http://bj.58.com/pinpaigongyu/30568413366962x.shtml?psid=172849986196839320734865594
【合租】双桥 金隅康惠园 3室主卧,金隅康惠园,2160,http://bj.58.com/pinpaigongyu/30778484373545x.shtml?psid=172849986196839320734865594
【整租】东坝 金隅汇景苑四区 2室1厅,金隅汇景苑四区,3900,http://bj.58.com/pinpaigongyu/30326423856451x.shtml?psid=172849986196839320734865594
【整租】新华大街 北苑mini家园 1室0厅,北苑mini家园,2000,http://bj.58.com/pinpaigongyu/28952975533124x.shtml?psid=172849986196839320734865594
【整租】东坝 北京城建福润四季 1室1厅,北京城建福润四季,3100,http://bj.58.com/pinpaigongyu/29559130312619x.shtml?psid=172849986196839320734865594
【整租】远江公寓 运河大街 运河大街店,【整租】远江公寓,2380-3080,http://bj.58.com/pinpaigongyu/30566901515972x.shtml?psid=142629298196839321435946185
【合租】西红门 兴海家园月苑 3室主卧,兴海家园月苑,2100,http://bj.58.com/pinpaigongyu/30922677636407x.shtml?psid=142629298196839321435946185
【整租】远江公寓 运河大街 运河大街店,【整租】远江公寓,2590-3090,http://bj.58.com/pinpaigongyu/30866415792811x.shtml?psid=142629298196839321435946185
【合租】常营 连心园 3室主卧,连心园,2680,http://bj.58.com/pinpaigongyu/30909573370548x.shtml?psid=142629298196839321435946185
【整租】望京 香江北岸 1室1厅,香江北岸,3500,http://bj.58.com/pinpaigongyu/30391838206143x.shtml?psid=142629298196839321435946185
【整租】熊猫公寓 南磨房 北工大店,【整租】熊猫公寓,3500-4200,http://bj.58.com/pinpaigongyu/30866410978503x.shtml?psid=142629298196839321435946185
【合租】方庄 四方景园一区 3室主卧,四方景园一区,2590,http://bj.58.com/pinpaigongyu/30933598223048x.shtml?psid=142629298196839321435946185
【整租】远江公寓 运河大街 运河大街店,【整租】远江公寓,2990-3790,http://bj.58.com/pinpaigongyu/30843893268029x.shtml?psid=142629298196839321435946185
【合租】西单 西单新壁街小区 3室主卧,西单新壁街小区,2340,http://bj.58.com/pinpaigongyu/30933597023797x.shtml?psid=142629298196839321435946185
【合租】蒲黄榆 蒲黄榆五巷 3室主卧,蒲黄榆五巷,2860,http://bj.58.com/pinpaigongyu/30932707533751x.shtml?psid=142629298196839321435946185
【整租】东坝 北京城建福润四季 2室1厅,北京城建福润四季,3800,http://bj.58.com/pinpaigongyu/30259032974406x.shtml?psid=142629298196839321435946185
【整租】好客公寓 亦庄 好客公寓,【整租】好客公寓,2800-3000,http://bj.58.com/pinpaigongyu/29514289157965x.shtml?psid=142629298196839321435946185
【整租】东坝 丽湾家园 2室1厅,丽湾家园,3800,http://bj.58.com/pinpaigongyu/29538722063810x.shtml?psid=142629298196839321435946185
【整租】建国门 窝趣公寓WOWQ 1室0厅,窝趣公寓WOWQ,3900,http://bj.58.com/pinpaigongyu/30703689289808x.shtml?psid=142629298196839321435946185
【整租】立水桥 立水桥 ZOME 1室1厅,立水桥,2880,http://bj.58.com/pinpaigongyu/30544821405252x.shtml?psid=142629298196839321435946185
【整租】青遇home 垡头 青遇彩虹里社区,垡头,2200,http://bj.58.com/pinpaigongyu/30568413366962x.shtml?psid=142629298196839321435946185
【合租】北关 新建村(二期) 3室主卧,新建村(二期),2180,http://bj.58.com/pinpaigongyu/30501455393104x.shtml?psid=142629298196839321435946185
【合租】望京 望京西园一区 3室次卧,望京西园一区,2270,http://bj.58.com/pinpaigongyu/30865692202699x.shtml?psid=142629298196839321435946185
【整租】东坝 金隅汇景苑四区 2室2厅,金隅汇景苑四区,3900,http://bj.58.com/pinpaigongyu/30411229544497x.shtml?psid=142629298196839321435946185
【合租】CBD 慈云寺 3室主卧,慈云寺,2150,http://bj.58.com/pinpaigongyu/30799018460739x.shtml?psid=142629298196839321435946185
【整租】远江公寓 运河大街 运河大街店,【整租】远江公寓,2380-3080,http://bj.58.com/pinpaigongyu/30566901515972x.shtml?psid=118025294196839322142949689
【整租】劲松 劲松三区 1室1厅,劲松三区,3700,http://bj.58.com/pinpaigongyu/30922195591736x.shtml?psid=118025294196839322142949689
【整租】远江公寓 运河大街 运河大街店,【整租】远江公寓,2590-3090,http://bj.58.com/pinpaigongyu/30866415792811x.shtml?psid=118025294196839322142949689
【合租】东直门 东直门内北小街8 3室次卧,东直门内北小街8,2870,http://bj.58.com/pinpaigongyu/30933607209012x.shtml?psid=118025294196839322142949689
【合租】常营 连心园 3室主卧,连心园,2680,http://bj.58.com/pinpaigongyu/30909573370548x.shtml?psid=118025294196839322142949689
【整租】熊猫公寓 南磨房 北工大店,【整租】熊猫公寓,3500-4200,http://bj.58.com/pinpaigongyu/30866410978503x.shtml?psid=118025294196839322142949689
【合租】惠新西街 惠新西街33号院 3室主卧,惠新西街33号院,3240,http://bj.58.com/pinpaigongyu/30932270279882x.shtml?psid=118025294196839322142949689
【整租】远江公寓 运河大街 运河大街店,【整租】远江公寓,2990-3790,http://bj.58.com/pinpaigongyu/30843893268029x.shtml?psid=118025294196839322142949689
【整租】芍药居 芍药居乐乎城市青 1室1厅,芍药居乐乎城市青,3100,http://bj.58.com/pinpaigongyu/30634043344975x.shtml?psid=118025294196839322142949689
【合租】西单 西单新壁街小区 3室主卧,西单新壁街小区,2340,http://bj.58.com/pinpaigongyu/30933597023797x.shtml?psid=118025294196839322142949689
【合租】东四 东四二条15号院 3室主卧,东四二条15号院,2790,http://bj.58.com/pinpaigongyu/30864052444360x.shtml?psid=118025294196839322142949689
【整租】好客公寓 亦庄 好客公寓,【整租】好客公寓,2800-3000,http://bj.58.com/pinpaigongyu/30677309207233x.shtml?psid=118025294196839322142949689
【合租】高碑店 金隅康惠园 3室主卧,金隅康惠园,2200,http://bj.58.com/pinpaigongyu/30778527582661x.shtml?psid=118025294196839322142949689
【整租】东坝 金隅汇景苑四区 3室1厅,金隅汇景苑四区,3900,http://bj.58.com/pinpaigongyu/30288270475690x.shtml?psid=118025294196839322142949689
【整租】东坝 北京城建福润四季 2室1厅,北京城建福润四季,3800,http://bj.58.com/pinpaigongyu/30259032974406x.shtml?psid=118025294196839322142949689
【整租】好客公寓 亦庄 好客公寓,【整租】好客公寓,2800-3000,http://bj.58.com/pinpaigongyu/29514289157965x.shtml?psid=118025294196839322142949689
【整租】东坝 丽湾家园 2室1厅,丽湾家园,3800,http://bj.58.com/pinpaigongyu/29538722063810x.shtml?psid=118025294196839322142949689
【整租】建国门 窝趣公寓WOWQ 1室0厅,窝趣公寓WOWQ,3900,http://bj.58.com/pinpaigongyu/30703689289808x.shtml?psid=118025294196839322142949689
【整租】立水桥 立水桥 ZOME 1室1厅,立水桥,2880,http://bj.58.com/pinpaigongyu/30544821405252x.shtml?psid=118025294196839322142949689
【合租】八里庄 八里庄南里小区 3室主卧,八里庄南里小区,2090,http://bj.58.com/pinpaigongyu/30568307064364x.shtml?psid=118025294196839322142949689
【整租】远江公寓 运河大街 运河大街店,【整租】远江公寓,2380-3080,http://bj.58.com/pinpaigongyu/30566901515972x.shtml?psid=169770291196839322843265273
【合租】方庄 四方景园一区 3室主卧,四方景园一区,2590,http://bj.58.com/pinpaigongyu/30933598223048x.shtml?psid=169770291196839322843265273
【整租】远江公寓 运河大街 运河大街店,【整租】远江公寓,2590-3090,http://bj.58.com/pinpaigongyu/30866415792811x.shtml?psid=169770291196839322843265273
【合租】西单 西单新壁街小区 3室主卧,西单新壁街小区,2340,http://bj.58.com/pinpaigongyu/30933597023797x.shtml?psid=169770291196839322843265273
【合租】蒲黄榆 蒲黄榆五巷 3室主卧,蒲黄榆五巷,2860,http://bj.58.com/pinpaigongyu/30932707533751x.shtml?psid=169770291196839322843265273
【整租】熊猫公寓 南磨房 北工大店,【整租】熊猫公寓,3500-4200,http://bj.58.com/pinpaigongyu/30866410978503x.shtml?psid=169770291196839322843265273
【合租】回龙观 和谐家园二区 3室主卧,和谐家园二区,2740,http://bj.58.com/pinpaigongyu/30908181239468x.shtml?psid=169770291196839322843265273
【整租】远江公寓 运河大街 运河大街店,【整租】远江公寓,2990-3790,http://bj.58.com/pinpaigongyu/30843893268029x.shtml?psid=169770291196839322843265273
【整租】定福庄 函数公寓（传媒大 1室1厅,函数公寓（传媒大,3000,http://bj.58.com/pinpaigongyu/30390173905983x.shtml?psid=169770291196839322843265273
【合租】孙河 康营家园15期 2室主卧,康营家园15期,2380,http://bj.58.com/pinpaigongyu/30906955792075x.shtml?psid=169770291196839322843265273
【合租】双桥 金隅康惠园 3室主卧,金隅康惠园,2300,http://bj.58.com/pinpaigongyu/30778498782287x.shtml?psid=169770291196839322843265273
【整租】青遇home 高碑店 青遇店,高碑店,3000,http://bj.58.com/pinpaigongyu/30878114403023x.shtml?psid=169770291196839322843265273
【合租】国贸 观音惠园 3室主卧,观音惠园,2200,http://bj.58.com/pinpaigongyu/30777375048502x.shtml?psid=169770291196839322843265273
【合租】大望路 金隅康惠园 3室主卧,金隅康惠园,2150,http://bj.58.com/pinpaigongyu/30775102482744x.shtml?psid=169770291196839322843265273
【合租】西二旗 领秀硅谷2区(别 4室主卧,领秀硅谷2区(别,2890,http://bj.58.com/pinpaigongyu/30868485225032x.shtml?psid=169770291196839322843265273
【整租】青遇home 高碑店 大地文苑,高碑店,3500-4100,http://bj.58.com/pinpaigongyu/30544426665030x.shtml?psid=169770291196839322843265273
【合租】双井 百环家园 3室主卧,百环家园,2680,http://bj.58.com/pinpaigongyu/30855776272592x.shtml?psid=169770291196839322843265273
【整租】东坝 保利首开天誉 2室1厅,保利首开天誉,3800,http://bj.58.com/pinpaigongyu/29694088789191x.shtml?psid=169770291196839322843265273
【整租】东坝 金隅汇景苑 3室1厅,金隅汇景苑,3800,http://bj.58.com/pinpaigongyu/30067021313068x.shtml?psid=169770291196839322843265273
【整租】东坝 北京城建福润四季 2室1厅,北京城建福润四季,4000,http://bj.58.com/pinpaigongyu/30335053192632x.shtml?psid=169770291196839322843265273
【整租】远江公寓 运河大街 运河大街店,【整租】远江公寓,2380-3080,http://bj.58.com/pinpaigongyu/30566901515972x.shtml?psid=186542970196839323550130921
【合租】常营 万象新天家园 3室主卧,万象新天家园,2290,http://bj.58.com/pinpaigongyu/30910651427152x.shtml?psid=186542970196839323550130921
【整租】远江公寓 运河大街 运河大街店,【整租】远江公寓,2590-3090,http://bj.58.com/pinpaigongyu/30866415792811x.shtml?psid=186542970196839323550130921
【整租】芍药居 芍药居乐乎城市青 1室1厅,芍药居乐乎城市青,3800,http://bj.58.com/pinpaigongyu/30920722552143x.shtml?psid=186542970196839323550130921
【整租】定福庄 函数公寓（传媒大 1室1厅,函数公寓（传媒大,3000,http://bj.58.com/pinpaigongyu/30390173905983x.shtml?psid=186542970196839323550130921
【整租】熊猫公寓 南磨房 北工大店,【整租】熊猫公寓,3500-4200,http://bj.58.com/pinpaigongyu/30866410978503x.shtml?psid=186542970196839323550130921
【合租】双井 双井东院 3室主卧,双井东院,3500,http://bj.58.com/pinpaigongyu/30933558907340x.shtml?psid=186542970196839323550130921
【整租】远江公寓 运河大街 运河大街店,【整租】远江公寓,2990-3790,http://bj.58.com/pinpaigongyu/30843893268029x.shtml?psid=186542970196839323550130921
【合租】垡头 世纪东方嘉园(南 3室主卧,世纪东方嘉园(南,2480,http://bj.58.com/pinpaigongyu/30753848926924x.shtml?psid=186542970196839323550130921
【合租】龙泽 新龙城 3室主卧,新龙城,2340,http://bj.58.com/pinpaigongyu/30909365806795x.shtml?psid=186542970196839323550130921
【整租】东坝 汇景苑 2室1厅,汇景苑,3800,http://bj.58.com/pinpaigongyu/29351946185295x.shtml?psid=186542970196839323550130921
【整租】青遇home 高碑店 青遇店,高碑店,3000,http://bj.58.com/pinpaigongyu/30878114403023x.shtml?psid=186542970196839323550130921
【合租】双井 观音惠园 3室主卧,观音惠园,2200,http://bj.58.com/pinpaigongyu/30777823495607x.shtml?psid=186542970196839323550130921
【合租】大望路 金隅康惠园 3室主卧,金隅康惠园,2400,http://bj.58.com/pinpaigongyu/30777861577416x.shtml?psid=186542970196839323550130921
【合租】双井 广渠门外大街28 3室次卧,广渠门外大街28,2130,http://bj.58.com/pinpaigongyu/30555772808247x.shtml?psid=186542970196839323550130921
【整租】青遇home 高碑店 大地文苑,高碑店,3500-4100,http://bj.58.com/pinpaigongyu/30544426665030x.shtml?psid=186542970196839323550130921
【合租】双桥 金隅康惠园 3室主卧,金隅康惠园,2300,http://bj.58.com/pinpaigongyu/30778498782287x.shtml?psid=186542970196839323550130921
【整租】东坝 金隅汇景苑四区 2室2厅,金隅汇景苑四区,4000,http://bj.58.com/pinpaigongyu/30158397766476x.shtml?psid=186542970196839323550130921
【合租】国贸 观音惠园 3室主卧,观音惠园,2200,http://bj.58.com/pinpaigongyu/30777375048502x.shtml?psid=186542970196839323550130921
【合租】大望路 金隅康惠园 3室主卧,金隅康惠园,2150,http://bj.58.com/pinpaigongyu/30775102482744x.shtml?psid=186542970196839323550130921
【整租】远江公寓 运河大街 运河大街店,【整租】远江公寓,2380-3080,http://bj.58.com/pinpaigongyu/30566901515972x.shtml?psid=185557355196839324256625772
【整租】定福庄 函数公寓（传媒大 1室1厅,函数公寓（传媒大,3000,http://bj.58.com/pinpaigongyu/30390173905983x.shtml?psid=185557355196839324256625772
【整租】远江公寓 运河大街 运河大街店,【整租】远江公寓,2590-3090,http://bj.58.com/pinpaigongyu/30866415792811x.shtml?psid=185557355196839324256625772
【合租】双井 双井东院 3室主卧,双井东院,3500,http://bj.58.com/pinpaigongyu/30933558907340x.shtml?psid=185557355196839324256625772
【合租】运河大街 运河明珠家园 3室主卧,运河明珠家园,2200,http://bj.58.com/pinpaigongyu/30922688882100x.shtml?psid=185557355196839324256625772
【整租】熊猫公寓 南磨房 北工大店,【整租】熊猫公寓,3500-4200,http://bj.58.com/pinpaigongyu/30866410978503x.shtml?psid=185557355196839324256625772
【合租】龙泽 新龙城 3室主卧,新龙城,2340,http://bj.58.com/pinpaigongyu/30909365806795x.shtml?psid=185557355196839324256625772
【整租】远江公寓 运河大街 运河大街店,【整租】远江公寓,2990-3790,http://bj.58.com/pinpaigongyu/30843893268029x.shtml?psid=185557355196839324256625772
【整租】六里桥 总部公馆 1室1厅,总部公馆,4000,http://bj.58.com/pinpaigongyu/30945578112183x.shtml?psid=185557355196839324256625772
【合租】龙泽 新龙城 3室主卧,新龙城,2160,http://bj.58.com/pinpaigongyu/30645759390544x.shtml?psid=185557355196839324256625772
【整租】马连道 茗筑大厦 1室1厅,茗筑大厦,2700,http://bj.58.com/pinpaigongyu/30877460060721x.shtml?psid=185557355196839324256625772
【整租】青遇home 高碑店 青遇店,高碑店,3000,http://bj.58.com/pinpaigongyu/30878114403023x.shtml?psid=185557355196839324256625772
【合租】东花市 富贵园二区 1室次卧,富贵园二区,2100,http://bj.58.com/pinpaigongyu/30940757161034x.shtml?psid=185557355196839324256625772
【合租】双井 观音惠园 3室主卧,观音惠园,2200,http://bj.58.com/pinpaigongyu/30779023288649x.shtml?psid=185557355196839324256625772
【合租】双井 垂杨柳北里 3室次卧,垂杨柳北里,2650,http://bj.58.com/pinpaigongyu/30855445651134x.shtml?psid=185557355196839324256625772
【整租】青遇home 高碑店 大地文苑,高碑店,3500-4100,http://bj.58.com/pinpaigongyu/30544426665030x.shtml?psid=185557355196839324256625772
【整租】东坝 福润四季 2室1厅,福润四季,4000,http://bj.58.com/pinpaigongyu/29648153117776x.shtml?psid=185557355196839324256625772
【合租】双井 观音惠园 3室主卧,观音惠园,2200,http://bj.58.com/pinpaigongyu/30777823495607x.shtml?psid=185557355196839324256625772
【合租】大望路 金隅康惠园 3室主卧,金隅康惠园,2400,http://bj.58.com/pinpaigongyu/30777861577416x.shtml?psid=185557355196839324256625772
【合租】双井 广渠门外大街28 3室次卧,广渠门外大街28,2130,http://bj.58.com/pinpaigongyu/30555772808247x.shtml?psid=185557355196839324256625772
【整租】远江公寓 运河大街 运河大街店,【整租】远江公寓,2380-3080,http://bj.58.com/pinpaigongyu/30566901515972x.shtml?psid=169227082196839324960410629
【合租】潘家园 弘善家园 3室主卧,弘善家园,2880,http://bj.58.com/pinpaigongyu/30853107437899x.shtml?psid=169227082196839324960410629
【整租】远江公寓 运河大街 运河大街店,【整租】远江公寓,2590-3090,http://bj.58.com/pinpaigongyu/30866415792811x.shtml?psid=169227082196839324960410629
【合租】龙泽 新龙城 3室主卧,新龙城,2160,http://bj.58.com/pinpaigongyu/30645759390544x.shtml?psid=169227082196839324960410629
【整租】沙河 保利罗兰香谷 2室1厅,保利罗兰香谷,3200,http://bj.58.com/pinpaigongyu/30896250399676x.shtml?psid=169227082196839324960410629
【整租】熊猫公寓 南磨房 北工大店,【整租】熊猫公寓,3500-4200,http://bj.58.com/pinpaigongyu/30866410978503x.shtml?psid=169227082196839324960410629
【整租】沙河 绿城阳光 2室1厅,绿城阳光,2750,http://bj.58.com/pinpaigongyu/30786194707258x.shtml?psid=169227082196839324960410629
【整租】远江公寓 运河大街 运河大街店,【整租】远江公寓,2990-3790,http://bj.58.com/pinpaigongyu/30843893268029x.shtml?psid=169227082196839324960410629
【合租】常营 北辰福第南区 3室次卧,北辰福第南区,2580,http://bj.58.com/pinpaigongyu/30754333092153x.shtml?psid=169227082196839324960410629
【合租】孙河 康营家园6期 3室主卧,康营家园6期,2200,http://bj.58.com/pinpaigongyu/30802086312015x.shtml?psid=169227082196839324960410629
【整租】马连道 茗筑大厦 1室1厅,茗筑大厦,2700,http://bj.58.com/pinpaigongyu/30877460060721x.shtml?psid=169227082196839324960410629
【整租】好客公寓 亦庄 好客公寓,【整租】好客公寓,2800-3000,http://bj.58.com/pinpaigongyu/29127893015095x.shtml?psid=169227082196839324960410629
【合租】东花市 富贵园二区 1室次卧,富贵园二区,2100,http://bj.58.com/pinpaigongyu/30940757161034x.shtml?psid=169227082196839324960410629
【合租】双井 观音惠园 3室主卧,观音惠园,2200,http://bj.58.com/pinpaigongyu/30779023288649x.shtml?psid=169227082196839324960410629
【合租】双井 垂杨柳北里 3室次卧,垂杨柳北里,2650,http://bj.58.com/pinpaigongyu/30855445651134x.shtml?psid=169227082196839324960410629
【整租】青遇home 高碑店 青遇店,高碑店,3000,http://bj.58.com/pinpaigongyu/30878114403023x.shtml?psid=169227082196839324960410629
【整租】东坝 福润四季 2室1厅,福润四季,4000,http://bj.58.com/pinpaigongyu/29648153117776x.shtml?psid=169227082196839324960410629
【合租】双井 观音惠园 3室主卧,观音惠园,2200,http://bj.58.com/pinpaigongyu/30777823495607x.shtml?psid=169227082196839324960410629
【合租】大望路 金隅康惠园 3室主卧,金隅康惠园,2400,http://bj.58.com/pinpaigongyu/30777861577416x.shtml?psid=169227082196839324960410629
【合租】双井 广渠门外大街28 3室次卧,广渠门外大街28,2130,http://bj.58.com/pinpaigongyu/30555772808247x.shtml?psid=169227082196839324960410629
【整租】远江公寓 运河大街 运河大街店,【整租】远江公寓,2380-3080,http://bj.58.com/pinpaigongyu/30566901515972x.shtml?psid=182098295196839325656915305
【合租】后沙峪 莲竹花园 3室主卧,莲竹花园,2860,http://bj.58.com/pinpaigongyu/30910544673215x.shtml?psid=182098295196839325656915305
【整租】远江公寓 运河大街 运河大街店,【整租】远江公寓,2590-3090,http://bj.58.com/pinpaigongyu/30866415792811x.shtml?psid=182098295196839325656915305
【合租】孙河 康营家园6期 3室主卧,康营家园6期,2200,http://bj.58.com/pinpaigongyu/30802086312015x.shtml?psid=182098295196839325656915305
【合租】其他 天赐良园 3室主卧,天赐良园,2380,http://bj.58.com/pinpaigongyu/30910212783035x.shtml?psid=182098295196839325656915305
【整租】熊猫公寓 南磨房 北工大店,【整租】熊猫公寓,3500-4200,http://bj.58.com/pinpaigongyu/30866410978503x.shtml?psid=182098295196839325656915305
【合租】双桥 康惠园小区 3室主卧,康惠园小区,2580,http://bj.58.com/pinpaigongyu/30877889789263x.shtml?psid=182098295196839325656915305
【整租】远江公寓 运河大街 运河大街店,【整租】远江公寓,2990-3790,http://bj.58.com/pinpaigongyu/30843893268029x.shtml?psid=182098295196839325656915305
【合租】国贸 海纳公寓 1室主卧,海纳公寓,2500,http://bj.58.com/pinpaigongyu/30575945562537x.shtml?psid=182098295196839325656915305
【合租】孙河 康营家园25期 2室主卧,康营家园25期,2480,http://bj.58.com/pinpaigongyu/30940282121659x.shtml?psid=182098295196839325656915305
【合租】龙泽 融泽嘉园二号院( 3室主卧,融泽嘉园二号院(,2080,http://bj.58.com/pinpaigongyu/30896195144881x.shtml?psid=182098295196839325656915305
【整租】好客公寓 亦庄 好客公寓,【整租】好客公寓,2800-3000,http://bj.58.com/pinpaigongyu/29127893015095x.shtml?psid=182098295196839325656915305
【合租】龙泽 融泽嘉园6号院 3室次卧,融泽嘉园6号院,2280,http://bj.58.com/pinpaigongyu/30476401029056x.shtml?psid=182098295196839325656915305
【整租】马连道 茗筑大厦 1室1厅,茗筑大厦,2700,http://bj.58.com/pinpaigongyu/30877460060721x.shtml?psid=182098295196839325656915305
【合租】十里堡 十里堡北里 3室主卧,十里堡北里,2150,http://bj.58.com/pinpaigongyu/30577841237942x.shtml?psid=182098295196839325656915305
【整租】青遇home 高碑店 青遇店,高碑店,3000,http://bj.58.com/pinpaigongyu/30878114403023x.shtml?psid=182098295196839325656915305
【合租】双井 观音惠园 3室主卧,观音惠园,2200,http://bj.58.com/pinpaigongyu/30779023288649x.shtml?psid=182098295196839325656915305
【合租】双井 垂杨柳北里 3室次卧,垂杨柳北里,2650,http://bj.58.com/pinpaigongyu/30855445651134x.shtml?psid=182098295196839325656915305
【整租】东坝 汇景苑 2室1厅,汇景苑,3800,http://bj.58.com/pinpaigongyu/29351946185295x.shtml?psid=182098295196839325656915305
【整租】东坝 福润四季 2室1厅,福润四季,4000,http://bj.58.com/pinpaigongyu/29648153117776x.shtml?psid=182098295196839325656915305
【整租】远江公寓 运河大街 运河大街店,【整租】远江公寓,2380-3080,http://bj.58.com/pinpaigongyu/30566901515972x.shtml?psid=110393859196839326371639341
【整租】四惠 函数公寓（传媒大 1室1厅,函数公寓（传媒大,2700,http://bj.58.com/pinpaigongyu/30620098760105x.shtml?psid=110393859196839326371639341
【整租】远江公寓 运河大街 运河大街店,【整租】远江公寓,2590-3090,http://bj.58.com/pinpaigongyu/30866415792811x.shtml?psid=110393859196839326371639341
【整租】通州北苑 通州北苑乐乎城市 1室1厅,通州北苑乐乎城市,2200,http://bj.58.com/pinpaigongyu/30940694659654x.shtml?psid=110393859196839326371639341
【合租】国贸 海纳公寓 1室主卧,海纳公寓,2500,http://bj.58.com/pinpaigongyu/30575945562537x.shtml?psid=110393859196839326371639341
【整租】熊猫公寓 南磨房 北工大店,【整租】熊猫公寓,3500-4200,http://bj.58.com/pinpaigongyu/30866410978503x.shtml?psid=110393859196839326371639341
【合租】龙泽 新龙城 3室主卧,新龙城,2100,http://bj.58.com/pinpaigongyu/30608949509174x.shtml?psid=110393859196839326371639341
【整租】远江公寓 运河大街 运河大街店,【整租】远江公寓,2990-3790,http://bj.58.com/pinpaigongyu/30843893268029x.shtml?psid=110393859196839326371639341
【合租】立水桥 溪城家园 3室次卧,溪城家园,2890,http://bj.58.com/pinpaigongyu/30922287902663x.shtml?psid=110393859196839326371639341
【整租】回龙观 云趣园三区 1室0厅,云趣园三区,3200,http://bj.58.com/pinpaigongyu/30664822576078x.shtml?psid=110393859196839326371639341
【整租】东坝 北京城建福润四季 1室1厅,北京城建福润四季,3400,http://bj.58.com/pinpaigongyu/29528921595594x.shtml?psid=110393859196839326371639341
【整租】好客公寓 亦庄 好客公寓,【整租】好客公寓,2500-2600,http://bj.58.com/pinpaigongyu/30677905270852x.shtml?psid=110393859196839326371639341
【整租】东坝 北京城建福润四季 2室2厅,北京城建福润四季,3100,http://bj.58.com/pinpaigongyu/29834574076107x.shtml?psid=110393859196839326371639341
【合租】西北旺 唐家岭新城 3室主卧,唐家岭新城,2380,http://bj.58.com/pinpaigongyu/30918548118982x.shtml?psid=110393859196839326371639341
【整租】东坝 北京城建福润四季 2室2厅,北京城建福润四季,3800,http://bj.58.com/pinpaigongyu/30246673292997x.shtml?psid=110393859196839326371639341
【整租】好客公寓 亦庄 好客公寓,【整租】好客公寓,2800-3000,http://bj.58.com/pinpaigongyu/29127893015095x.shtml?psid=110393859196839326371639341
【合租】双井 百环家园 3室主卧,百环家园,2200,http://bj.58.com/pinpaigongyu/30855988390210x.shtml?psid=110393859196839326371639341
【整租】上地 上地佳园 1室1厅,上地佳园,2900,http://bj.58.com/pinpaigongyu/30502769066299x.shtml?psid=110393859196839326371639341
【合租】龙泽 融泽嘉园二号院( 3室主卧,融泽嘉园二号院(,2080,http://bj.58.com/pinpaigongyu/30896195144881x.shtml?psid=110393859196839326371639341
【整租】东坝 金驹家园 1室1厅,金驹家园,3300,http://bj.58.com/pinpaigongyu/30447366572611x.shtml?psid=110393859196839326371639341
【整租】远江公寓 运河大街 运河大街店,【整租】远江公寓,2380-3080,http://bj.58.com/pinpaigongyu/30566901515972x.shtml?psid=106360233196839327078625878
【整租】四惠 函数公寓（传媒大 1室1厅,函数公寓（传媒大,2700,http://bj.58.com/pinpaigongyu/30620098760105x.shtml?psid=106360233196839327078625878
【整租】远江公寓 运河大街 运河大街店,【整租】远江公寓,2590-3090,http://bj.58.com/pinpaigongyu/30866415792811x.shtml?psid=106360233196839327078625878
【整租】通州北苑 通州北苑乐乎城市 1室1厅,通州北苑乐乎城市,2200,http://bj.58.com/pinpaigongyu/30940694659654x.shtml?psid=106360233196839327078625878
【合租】国贸 海纳公寓 1室主卧,海纳公寓,2500,http://bj.58.com/pinpaigongyu/30575945562537x.shtml?psid=106360233196839327078625878
【整租】熊猫公寓 南磨房 北工大店,【整租】熊猫公寓,3500-4200,http://bj.58.com/pinpaigongyu/30866410978503x.shtml?psid=106360233196839327078625878
【合租】龙泽 新龙城 3室主卧,新龙城,2100,http://bj.58.com/pinpaigongyu/30608949509174x.shtml?psid=106360233196839327078625878
【整租】远江公寓 运河大街 运河大街店,【整租】远江公寓,2990-3790,http://bj.58.com/pinpaigongyu/30843893268029x.shtml?psid=106360233196839327078625878
【合租】立水桥 溪城家园 3室次卧,溪城家园,2890,http://bj.58.com/pinpaigongyu/30922287902663x.shtml?psid=106360233196839327078625878
【整租】回龙观 云趣园三区 1室0厅,云趣园三区,3200,http://bj.58.com/pinpaigongyu/30664822576078x.shtml?psid=106360233196839327078625878
【合租】西北旺 唐家岭新城 3室主卧,唐家岭新城,2380,http://bj.58.com/pinpaigongyu/30918548118982x.shtml?psid=106360233196839327078625878
【整租】好客公寓 亦庄 好客公寓,【整租】好客公寓,2500-2600,http://bj.58.com/pinpaigongyu/30677905270852x.shtml?psid=106360233196839327078625878
【合租】常营 常营民族家园 3室主卧,常营民族家园,2050,http://bj.58.com/pinpaigongyu/30864209811783x.shtml?psid=106360233196839327078625878
【合租】双井 百环家园 3室主卧,百环家园,2200,http://bj.58.com/pinpaigongyu/30855988390210x.shtml?psid=106360233196839327078625878
【整租】上地 上地佳园 1室1厅,上地佳园,2900,http://bj.58.com/pinpaigongyu/30502769066299x.shtml?psid=106360233196839327078625878
【整租】好客公寓 亦庄 好客公寓,【整租】好客公寓,2800-3000,http://bj.58.com/pinpaigongyu/29127893015095x.shtml?psid=106360233196839327078625878
【整租】东坝 金驹家园 1室1厅,金驹家园,3300,http://bj.58.com/pinpaigongyu/30447366572611x.shtml?psid=106360233196839327078625878
【合租】龙泽 融泽嘉园6号院 3室次卧,融泽嘉园6号院,2280,http://bj.58.com/pinpaigongyu/30476401029056x.shtml?psid=106360233196839327078625878
【整租】马连道 茗筑大厦 1室1厅,茗筑大厦,2700,http://bj.58.com/pinpaigongyu/30877460060721x.shtml?psid=106360233196839327078625878
【合租】十里堡 十里堡北里 3室主卧,十里堡北里,2150,http://bj.58.com/pinpaigongyu/30577841237942x.shtml?psid=106360233196839327078625878
【整租】远江公寓 运河大街 运河大街店,【整租】远江公寓,2380-3080,http://bj.58.com/pinpaigongyu/30566901515972x.shtml?psid=121128300196839327766858479
【合租】回龙观 良庄家园 3室主卧,良庄家园,2160,http://bj.58.com/pinpaigongyu/30796803756991x.shtml?psid=121128300196839327766858479
【整租】远江公寓 运河大街 运河大街店,【整租】远江公寓,2590-3090,http://bj.58.com/pinpaigongyu/30866415792811x.shtml?psid=121128300196839327766858479
【合租】潘家园 弘善家园 3室主卧,弘善家园,2880,http://bj.58.com/pinpaigongyu/30897569478836x.shtml?psid=121128300196839327766858479
【整租】望京 京旺家园一区 1室1厅,京旺家园一区,3900,http://bj.58.com/pinpaigongyu/30799372495042x.shtml?psid=121128300196839327766858479
【整租】熊猫公寓 南磨房 北工大店,【整租】熊猫公寓,3500-4200,http://bj.58.com/pinpaigongyu/30866410978503x.shtml?psid=121128300196839327766858479
【合租】潘家园 百环花园 3室主卧,百环花园,3380,http://bj.58.com/pinpaigongyu/30797115937208x.shtml?psid=121128300196839327766858479
【整租】远江公寓 运河大街 运河大街店,【整租】远江公寓,2990-3790,http://bj.58.com/pinpaigongyu/30843893268029x.shtml?psid=121128300196839327766858479
【合租】酒仙桥 芳园里南区 3室主卧,芳园里南区,2170,http://bj.58.com/pinpaigongyu/30920907799241x.shtml?psid=121128300196839327766858479
【合租】孙河 康营家园24期 3室次卧,康营家园24期,2180,http://bj.58.com/pinpaigongyu/30899695470646x.shtml?psid=121128300196839327766858479
【整租】东坝 北京城建福润四季 2室2厅,北京城建福润四季,3800,http://bj.58.com/pinpaigongyu/30246673292997x.shtml?psid=121128300196839327766858479
【整租】好客公寓 亦庄 好客公寓,【整租】好客公寓,2500-2600,http://bj.58.com/pinpaigongyu/30677905270852x.shtml?psid=121128300196839327766858479
【合租】双井 百环家园 3室主卧,百环家园,2200,http://bj.58.com/pinpaigongyu/30855988390210x.shtml?psid=121128300196839327766858479
【整租】上地 上地佳园 1室1厅,上地佳园,2900,http://bj.58.com/pinpaigongyu/30502769066299x.shtml?psid=121128300196839327766858479
【合租】龙泽 融泽嘉园二号院( 3室主卧,融泽嘉园二号院(,2080,http://bj.58.com/pinpaigongyu/30896195144881x.shtml?psid=121128300196839327766858479
【整租】好客公寓 亦庄 好客公寓,【整租】好客公寓,2800-3000,http://bj.58.com/pinpaigongyu/29127893015095x.shtml?psid=121128300196839327766858479
【合租】龙泽 融泽嘉园6号院 3室次卧,融泽嘉园6号院,2280,http://bj.58.com/pinpaigongyu/30476401029056x.shtml?psid=121128300196839327766858479
【整租】马连道 茗筑大厦 1室1厅,茗筑大厦,2700,http://bj.58.com/pinpaigongyu/30877460060721x.shtml?psid=121128300196839327766858479
【合租】十里堡 十里堡北里 3室主卧,十里堡北里,2150,http://bj.58.com/pinpaigongyu/30577841237942x.shtml?psid=121128300196839327766858479
【合租】东花市 富贵园二区 1室次卧,富贵园二区,2100,http://bj.58.com/pinpaigongyu/30940757161034x.shtml?psid=121128300196839327766858479
【整租】远江公寓 运河大街 运河大街店,【整租】远江公寓,2380-3080,http://bj.58.com/pinpaigongyu/30566901515972x.shtml?psid=139512082196839328469476914
【合租】潘家园 潘家园东里 3室次卧,潘家园东里,2380,http://bj.58.com/pinpaigongyu/30907877141820x.shtml?psid=139512082196839328469476914
【整租】远江公寓 运河大街 运河大街店,【整租】远江公寓,2590-3090,http://bj.58.com/pinpaigongyu/30866415792811x.shtml?psid=139512082196839328469476914
【整租】望京 京旺家园一区 1室1厅,京旺家园一区,3900,http://bj.58.com/pinpaigongyu/30799372495042x.shtml?psid=139512082196839328469476914
【合租】双桥 金隅康惠园 3室主卧,金隅康惠园,2480,http://bj.58.com/pinpaigongyu/30754712432702x.shtml?psid=139512082196839328469476914
【整租】熊猫公寓 南磨房 北工大店,【整租】熊猫公寓,3500-4200,http://bj.58.com/pinpaigongyu/30866410978503x.shtml?psid=139512082196839328469476914
【整租】广渠门 百子湾 沿海赛洛 1室0厅,百子湾,3400,http://bj.58.com/pinpaigongyu/30733186985400x.shtml?psid=139512082196839328469476914
【整租】远江公寓 运河大街 运河大街店,【整租】远江公寓,2990-3790,http://bj.58.com/pinpaigongyu/30843893268029x.shtml?psid=139512082196839328469476914
【合租】孙河 康营家园24期 3室次卧,康营家园24期,2180,http://bj.58.com/pinpaigongyu/30899695470646x.shtml?psid=139512082196839328469476914
【整租】西三旗 北辰机械厂职工宿 1室0厅,北辰机械厂职工宿,2660,http://bj.58.com/pinpaigongyu/30634047777613x.shtml?psid=139512082196839328469476914
【合租】西北旺 唐家岭新城 3室主卧,唐家岭新城,2380,http://bj.58.com/pinpaigongyu/30918548118982x.shtml?psid=139512082196839328469476914
【整租】青遇home 双桥 青遇新动漫,双桥,3000-3500,http://bj.58.com/pinpaigongyu/30568411766593x.shtml?psid=139512082196839328469476914
【合租】常营 常营民族家园 3室主卧,常营民族家园,2050,http://bj.58.com/pinpaigongyu/30864209811783x.shtml?psid=139512082196839328469476914
【合租】双井 百环家园 3室主卧,百环家园,2200,http://bj.58.com/pinpaigongyu/30855988390210x.shtml?psid=139512082196839328469476914
【整租】上地 上地佳园 1室1厅,上地佳园,2900,http://bj.58.com/pinpaigongyu/30502769066299x.shtml?psid=139512082196839328469476914
【整租】好客公寓 亦庄 好客公寓,【整租】好客公寓,2500-2600,http://bj.58.com/pinpaigongyu/30677905270852x.shtml?psid=139512082196839328469476914
【整租】东坝 金驹家园 1室1厅,金驹家园,3300,http://bj.58.com/pinpaigongyu/30447366572611x.shtml?psid=139512082196839328469476914
【合租】龙泽 融泽嘉园6号院 3室次卧,融泽嘉园6号院,2280,http://bj.58.com/pinpaigongyu/30476401029056x.shtml?psid=139512082196839328469476914
【整租】马连道 茗筑大厦 1室1厅,茗筑大厦,2700,http://bj.58.com/pinpaigongyu/30877460060721x.shtml?psid=139512082196839328469476914
【合租】十里堡 十里堡北里 3室主卧,十里堡北里,2150,http://bj.58.com/pinpaigongyu/30577841237942x.shtml?psid=139512082196839328469476914
【整租】远江公寓 运河大街 运河大街店,【整租】远江公寓,2380-3080,http://bj.58.com/pinpaigongyu/30566901515972x.shtml?psid=168047938196839329173271010
【合租】孙河 康营家园24期 3室次卧,康营家园24期,2180,http://bj.58.com/pinpaigongyu/30899695470646x.shtml?psid=168047938196839329173271010
【整租】远江公寓 运河大街 运河大街店,【整租】远江公寓,2590-3090,http://bj.58.com/pinpaigongyu/30866415792811x.shtml?psid=168047938196839329173271010
【合租】岳各庄 靛厂秀园 4室次卧,靛厂秀园,2380,http://bj.58.com/pinpaigongyu/30664032557641x.shtml?psid=168047938196839329173271010
【合租】潘家园 弘善家园 3室主卧,弘善家园,2180,http://bj.58.com/pinpaigongyu/30809101144875x.shtml?psid=168047938196839329173271010
【整租】熊猫公寓 南磨房 北工大店,【整租】熊猫公寓,3500-4200,http://bj.58.com/pinpaigongyu/30866410978503x.shtml?psid=168047938196839329173271010
【整租】角门 公益西桥乐乎城市 1室1厅,公益西桥乐乎城市,3200,http://bj.58.com/pinpaigongyu/30865259642569x.shtml?psid=168047938196839329173271010
【整租】远江公寓 运河大街 运河大街店,【整租】远江公寓,2990-3790,http://bj.58.com/pinpaigongyu/30843893268029x.shtml?psid=168047938196839329173271010
【合租】望京 南湖中园一区 3室主卧,南湖中园一区,2310,http://bj.58.com/pinpaigongyu/30909847139269x.shtml?psid=168047938196839329173271010
【合租】宋家庄 鑫兆雅园 3室主卧,鑫兆雅园,2860,http://bj.58.com/pinpaigongyu/30931199315404x.shtml?psid=168047938196839329173271010
【整租】东坝 北京城建福润四季 2室2厅,北京城建福润四季,3100,http://bj.58.com/pinpaigongyu/29834574076107x.shtml?psid=168047938196839329173271010
【整租】青遇home 双桥 青遇新动漫,双桥,3000-3500,http://bj.58.com/pinpaigongyu/30568411766593x.shtml?psid=168047938196839329173271010
【整租】东坝 北京城建福润四季 2室2厅,北京城建福润四季,3800,http://bj.58.com/pinpaigongyu/30246673292997x.shtml?psid=168047938196839329173271010
【合租】常营 常营民族家园 3室主卧,常营民族家园,2050,http://bj.58.com/pinpaigongyu/30864209811783x.shtml?psid=168047938196839329173271010
【合租】双井 百环家园 3室主卧,百环家园,2200,http://bj.58.com/pinpaigongyu/30855988390210x.shtml?psid=168047938196839329173271010
【整租】好客公寓 亦庄 好客公寓,【整租】好客公寓,2500-2600,http://bj.58.com/pinpaigongyu/30677905270852x.shtml?psid=168047938196839329173271010
【合租】龙泽 融泽嘉园二号院( 3室主卧,融泽嘉园二号院(,2080,http://bj.58.com/pinpaigongyu/30896195144881x.shtml?psid=168047938196839329173271010
【整租】东坝 金驹家园 1室1厅,金驹家园,3300,http://bj.58.com/pinpaigongyu/30447366572611x.shtml?psid=168047938196839329173271010
【合租】龙泽 融泽嘉园6号院 3室次卧,融泽嘉园6号院,2280,http://bj.58.com/pinpaigongyu/30476401029056x.shtml?psid=168047938196839329173271010
【整租】马连道 茗筑大厦 1室1厅,茗筑大厦,2700,http://bj.58.com/pinpaigongyu/30877460060721x.shtml?psid=168047938196839329173271010
【整租】远江公寓 运河大街 运河大街店,【整租】远江公寓,2380-3080,http://bj.58.com/pinpaigongyu/30566901515972x.shtml?psid=136694479196839329875223634
【整租】角门 公益西桥乐乎城市 1室1厅,公益西桥乐乎城市,3200,http://bj.58.com/pinpaigongyu/30865259642569x.shtml?psid=136694479196839329875223634
【整租】远江公寓 运河大街 运河大街店,【整租】远江公寓,2590-3090,http://bj.58.com/pinpaigongyu/30866415792811x.shtml?psid=136694479196839329875223634
【合租】望京 南湖中园一区 3室主卧,南湖中园一区,2310,http://bj.58.com/pinpaigongyu/30909847139269x.shtml?psid=136694479196839329875223634
【合租】宋家庄 鑫兆雅园 3室主卧,鑫兆雅园,2860,http://bj.58.com/pinpaigongyu/30931199315404x.shtml?psid=136694479196839329875223634
【整租】熊猫公寓 南磨房 北工大店,【整租】熊猫公寓,3500-4200,http://bj.58.com/pinpaigongyu/30866410978503x.shtml?psid=136694479196839329875223634
【整租】中仓 西营前街小区 1室1厅,西营前街小区,2080,http://bj.58.com/pinpaigongyu/30730482241231x.shtml?psid=136694479196839329875223634
【整租】远江公寓 运河大街 运河大街店,【整租】远江公寓,2990-3790,http://bj.58.com/pinpaigongyu/30843893268029x.shtml?psid=136694479196839329875223634
【合租】望京 朝庭公寓 3室主卧,朝庭公寓,2430,http://bj.58.com/pinpaigongyu/30931311023166x.shtml?psid=136694479196839329875223634
【合租】安贞 安贞西里一区 3室主卧,安贞西里一区,3250,http://bj.58.com/pinpaigongyu/30930328249289x.shtml?psid=136694479196839329875223634
【合租】龙泽 融泽嘉园二号院( 3室次卧,融泽嘉园二号院(,2080,http://bj.58.com/pinpaigongyu/30455035278377x.shtml?psid=136694479196839329875223634
【整租】青遇home 双桥 青遇新动漫,双桥,3000-3500,http://bj.58.com/pinpaigongyu/30568411766593x.shtml?psid=136694479196839329875223634
【合租】西北旺 唐家岭新城 3室主卧,唐家岭新城,2380,http://bj.58.com/pinpaigongyu/30918548118982x.shtml?psid=136694479196839329875223634
【整租】东坝 北京城建福润四季 2室2厅,北京城建福润四季,3800,http://bj.58.com/pinpaigongyu/30246673292997x.shtml?psid=136694479196839329875223634
【合租】常营 常营民族家园 3室主卧,常营民族家园,2050,http://bj.58.com/pinpaigongyu/30864209811783x.shtml?psid=136694479196839329875223634
【整租】好客公寓 亦庄 好客公寓,【整租】好客公寓,2500-2600,http://bj.58.com/pinpaigongyu/30677905270852x.shtml?psid=136694479196839329875223634
【整租】上地 上地佳园 1室1厅,上地佳园,2900,http://bj.58.com/pinpaigongyu/30502769066299x.shtml?psid=136694479196839329875223634
【合租】龙泽 融泽嘉园二号院( 3室主卧,融泽嘉园二号院(,2080,http://bj.58.com/pinpaigongyu/30896195144881x.shtml?psid=136694479196839329875223634
【整租】东坝 金驹家园 1室1厅,金驹家园,3300,http://bj.58.com/pinpaigongyu/30447366572611x.shtml?psid=136694479196839329875223634
【合租】龙泽 融泽嘉园6号院 3室次卧,融泽嘉园6号院,2280,http://bj.58.com/pinpaigongyu/30476401029056x.shtml?psid=136694479196839329875223634
【整租】远江公寓 运河大街 运河大街店,【整租】远江公寓,2380-3080,http://bj.58.com/pinpaigongyu/30566901515972x.shtml?psid=129313509196839330576202853
【合租】北苑 欧陆经典万兴苑 3室次卧,欧陆经典万兴苑,2230,http://bj.58.com/pinpaigongyu/30932249753530x.shtml?psid=129313509196839330576202853
【整租】远江公寓 运河大街 运河大街店,【整租】远江公寓,2590-3090,http://bj.58.com/pinpaigongyu/30866415792811x.shtml?psid=129313509196839330576202853
【合租】双井 首城国际中心 3室主卧,首城国际中心,2430,http://bj.58.com/pinpaigongyu/30910120246987x.shtml?psid=129313509196839330576202853
【合租】望京 朝庭公寓 3室主卧,朝庭公寓,2430,http://bj.58.com/pinpaigongyu/30931311023166x.shtml?psid=129313509196839330576202853
【整租】熊猫公寓 南磨房 北工大店,【整租】熊猫公寓,3500-4200,http://bj.58.com/pinpaigongyu/30866410978503x.shtml?psid=129313509196839330576202853
【合租】宋家庄 鑫兆雅园 3室主卧,鑫兆雅园,2860,http://bj.58.com/pinpaigongyu/30931199315404x.shtml?psid=129313509196839330576202853
【整租】远江公寓 运河大街 运河大街店,【整租】远江公寓,2990-3790,http://bj.58.com/pinpaigongyu/30843893268029x.shtml?psid=129313509196839330576202853
【整租】四惠 函数公寓（传媒大 1室1厅,函数公寓（传媒大,3000,http://bj.58.com/pinpaigongyu/30630901191102x.shtml?psid=129313509196839330576202853
【整租】十里河 十里河乐乎城市青 1室1厅,十里河乐乎城市青,3200,http://bj.58.com/pinpaigongyu/30797638080061x.shtml?psid=129313509196839330576202853
【整租】东坝 北京城建福润四季 2室2厅,北京城建福润四季,4000,http://bj.58.com/pinpaigongyu/30246357601854x.shtml?psid=129313509196839330576202853
【整租】青遇home 双桥 青遇新动漫,双桥,3000-3500,http://bj.58.com/pinpaigongyu/30568411766593x.shtml?psid=129313509196839330576202853
【整租】东坝 金隅汇景苑四区 2室1厅,金隅汇景苑四区,3800,http://bj.58.com/pinpaigongyu/30188846862398x.shtml?psid=129313509196839330576202853
【整租】科技园区 白盆窑天兴家园 1室1厅,白盆窑天兴家园,3580,http://bj.58.com/pinpaigongyu/30568537553598x.shtml?psid=129313509196839330576202853
【整租】西北旺 大牛坊一期 1室1厅,大牛坊一期,3500,http://bj.58.com/pinpaigongyu/30580020154825x.shtml?psid=129313509196839330576202853
【整租】好客公寓 亦庄 好客公寓,【整租】好客公寓,2500-2600,http://bj.58.com/pinpaigongyu/30677905270852x.shtml?psid=129313509196839330576202853
【整租】东坝 金隅景和园 1室1厅,金隅景和园,3700,http://bj.58.com/pinpaigongyu/30168050982588x.shtml?psid=129313509196839330576202853
【合租】百子湾 观音惠园 3室主卧,观音惠园,2650,http://bj.58.com/pinpaigongyu/30877931920078x.shtml?psid=129313509196839330576202853
【整租】东坝 北京城建福润四季 1室1厅,北京城建福润四季,3400,http://bj.58.com/pinpaigongyu/29528921595594x.shtml?psid=129313509196839330576202853
【合租】龙泽 融泽嘉园二号院( 3室次卧,融泽嘉园二号院(,2080,http://bj.58.com/pinpaigongyu/30455035278377x.shtml?psid=129313509196839330576202853
【整租】远江公寓 运河大街 运河大街店,【整租】远江公寓,2380-3080,http://bj.58.com/pinpaigongyu/30566901515972x.shtml?psid=119656744196839331323913661
【整租】四惠 函数公寓（传媒大 1室1厅,函数公寓（传媒大,3000,http://bj.58.com/pinpaigongyu/30630901191102x.shtml?psid=119656744196839331323913661
【整租】远江公寓 运河大街 运河大街店,【整租】远江公寓,2590-3090,http://bj.58.com/pinpaigongyu/30866415792811x.shtml?psid=119656744196839331323913661
【整租】四惠 通盛公寓 1室0厅,通盛公寓,2400,http://bj.58.com/pinpaigongyu/30819547386820x.shtml?psid=119656744196839331323913661
【合租】双桥 康惠园小区 2室主卧,康惠园小区,2720,http://bj.58.com/pinpaigongyu/30788390745039x.shtml?psid=119656744196839331323913661
【整租】熊猫公寓 南磨房 北工大店,【整租】熊猫公寓,3500-4200,http://bj.58.com/pinpaigongyu/30866410978503x.shtml?psid=119656744196839331323913661
【合租】朝青板块 雅成一里 4室次卧,雅成一里,2480,http://bj.58.com/pinpaigongyu/30842323605712x.shtml?psid=119656744196839331323913661
【整租】远江公寓 运河大街 运河大街店,【整租】远江公寓,2990-3790,http://bj.58.com/pinpaigongyu/30843893268029x.shtml?psid=119656744196839331323913661
【整租】科技园区 湾流国际青年社区 1室0厅,湾流国际青年社区,4000,http://bj.58.com/pinpaigongyu/30730729016873x.shtml?psid=119656744196839331323913661
【整租】青塔 春园 1室1厅,春园,4000,http://bj.58.com/pinpaigongyu/30104029999693x.shtml?psid=119656744196839331323913661
【合租】劲松 观音惠园 3室主卧,观音惠园,2300,http://bj.58.com/pinpaigongyu/30778446152489x.shtml?psid=119656744196839331323913661
【整租】好客公寓 亦庄 好客公寓,【整租】好客公寓,2500-2600,http://bj.58.com/pinpaigongyu/29394768709932x.shtml?psid=119656744196839331323913661
【合租】北苑 万科星园 3室次卧,万科星园,2600,http://bj.58.com/pinpaigongyu/30800511384143x.shtml?psid=119656744196839331323913661
【整租】东坝 金隅汇景苑四区 2室1厅,金隅汇景苑四区,3800,http://bj.58.com/pinpaigongyu/30188846862398x.shtml?psid=119656744196839331323913661
【整租】科技园区 白盆窑天兴家园 1室1厅,白盆窑天兴家园,3580,http://bj.58.com/pinpaigongyu/30568537553598x.shtml?psid=119656744196839331323913661
【整租】青遇home 双桥 青遇新动漫,双桥,3000-3500,http://bj.58.com/pinpaigongyu/30568411766593x.shtml?psid=119656744196839331323913661
【整租】东坝 金隅汇景苑四区 2室1厅,金隅汇景苑四区,4000,http://bj.58.com/pinpaigongyu/30302734144182x.shtml?psid=119656744196839331323913661
【整租】东坝 金隅景和园 1室1厅,金隅景和园,3700,http://bj.58.com/pinpaigongyu/30168050982588x.shtml?psid=119656744196839331323913661
【合租】百子湾 观音惠园 3室主卧,观音惠园,2650,http://bj.58.com/pinpaigongyu/30877931920078x.shtml?psid=119656744196839331323913661
【整租】东坝 北京城建福润四季 1室1厅,北京城建福润四季,3400,http://bj.58.com/pinpaigongyu/29528921595594x.shtml?psid=119656744196839331323913661
【整租】远江公寓 运河大街 运河大街店,【整租】远江公寓,2380-3080,http://bj.58.com/pinpaigongyu/30566901515972x.shtml?psid=182075415196839332022166427
【整租】十里河 美联居乐乎城市青 1室1厅,美联居乐乎城市青,3900,http://bj.58.com/pinpaigongyu/30876926639030x.shtml?psid=182075415196839332022166427
【整租】远江公寓 运河大街 运河大街店,【整租】远江公寓,2590-3090,http://bj.58.com/pinpaigongyu/30866415792811x.shtml?psid=182075415196839332022166427
【整租】北七家 北京城建畅悦居 2室2厅,北京城建畅悦居,3860,http://bj.58.com/pinpaigongyu/30575265270705x.shtml?psid=182075415196839332022166427
【整租】科技园区 湾流国际青年社区 1室0厅,湾流国际青年社区,4000,http://bj.58.com/pinpaigongyu/30730729016873x.shtml?psid=182075415196839332022166427
【整租】熊猫公寓 南磨房 北工大店,【整租】熊猫公寓,3500-4200,http://bj.58.com/pinpaigongyu/30866410978503x.shtml?psid=182075415196839332022166427
【合租】双桥 金隅康惠园 3室主卧,金隅康惠园,2480,http://bj.58.com/pinpaigongyu/30755067683371x.shtml?psid=182075415196839332022166427
【整租】远江公寓 运河大街 运河大街店,【整租】远江公寓,2990-3790,http://bj.58.com/pinpaigongyu/30843893268029x.shtml?psid=182075415196839332022166427
【合租】双井 百环家园 4室主卧,百环家园,3580,http://bj.58.com/pinpaigongyu/30863727073218x.shtml?psid=182075415196839332022166427
【整租】青塔 同馨家园 2室1厅,同馨家园,4000,http://bj.58.com/pinpaigongyu/30532056435012x.shtml?psid=182075415196839332022166427
【整租】东坝 北京城建福润四季 2室2厅,北京城建福润四季,3800,http://bj.58.com/pinpaigongyu/30259041351849x.shtml?psid=182075415196839332022166427
【整租】好客公寓 亦庄 好客公寓,【整租】好客公寓,2500-2600,http://bj.58.com/pinpaigongyu/30678440240056x.shtml?psid=182075415196839332022166427
【合租】劲松 观音惠园 3室主卧,观音惠园,2300,http://bj.58.com/pinpaigongyu/30778446152489x.shtml?psid=182075415196839332022166427
【整租】东坝 北京城建福润四季 2室2厅,北京城建福润四季,4000,http://bj.58.com/pinpaigongyu/30246357601854x.shtml?psid=182075415196839332022166427
【合租】北苑 万科星园 3室次卧,万科星园,2600,http://bj.58.com/pinpaigongyu/30800511384143x.shtml?psid=182075415196839332022166427
【整租】好客公寓 亦庄 好客公寓,【整租】好客公寓,2800-3000,http://bj.58.com/pinpaigongyu/30677307120553x.shtml?psid=182075415196839332022166427
【整租】科技园区 白盆窑天兴家园 1室1厅,白盆窑天兴家园,3580,http://bj.58.com/pinpaigongyu/30568537553598x.shtml?psid=182075415196839332022166427
【整租】西北旺 大牛坊一期 1室1厅,大牛坊一期,3500,http://bj.58.com/pinpaigongyu/30580020154825x.shtml?psid=182075415196839332022166427
【整租】东坝 金隅汇景苑四区 2室1厅,金隅汇景苑四区,4000,http://bj.58.com/pinpaigongyu/30302734144182x.shtml?psid=182075415196839332022166427
【整租】东坝 金隅景和园 1室1厅,金隅景和园,3700,http://bj.58.com/pinpaigongyu/30168050982588x.shtml?psid=182075415196839332022166427
【整租】远江公寓 运河大街 运河大街店,【整租】远江公寓,2380-3080,http://bj.58.com/pinpaigongyu/30566901515972x.shtml?psid=103179970196839332732396041
【整租】北七家 北京城建畅悦居 2室2厅,北京城建畅悦居,3860,http://bj.58.com/pinpaigongyu/30575265270705x.shtml?psid=103179970196839332732396041
【整租】远江公寓 运河大街 运河大街店,【整租】远江公寓,2590-3090,http://bj.58.com/pinpaigongyu/30866415792811x.shtml?psid=103179970196839332732396041
【整租】青塔 春园 1室1厅,春园,4000,http://bj.58.com/pinpaigongyu/30104029999693x.shtml?psid=103179970196839332732396041
【合租】双桥 金隅康惠园 3室主卧,金隅康惠园,2480,http://bj.58.com/pinpaigongyu/30755067683371x.shtml?psid=103179970196839332732396041
【整租】熊猫公寓 南磨房 北工大店,【整租】熊猫公寓,3500-4200,http://bj.58.com/pinpaigongyu/30866410978503x.shtml?psid=103179970196839332732396041
【合租】双井 百环家园 4室主卧,百环家园,3580,http://bj.58.com/pinpaigongyu/30863727073218x.shtml?psid=103179970196839332732396041
【整租】远江公寓 运河大街 运河大街店,【整租】远江公寓,2990-3790,http://bj.58.com/pinpaigongyu/30843893268029x.shtml?psid=103179970196839332732396041
【整租】双井 条玛青年公寓 1室1厅,条玛青年公寓,3700,http://bj.58.com/pinpaigongyu/30936551898939x.shtml?psid=103179970196839332732396041
【合租】常营 北辰福第南区 3室次卧,北辰福第南区,2580,http://bj.58.com/pinpaigongyu/30754838219443x.shtml?psid=103179970196839332732396041
【整租】东坝 保利首开天誉 2室1厅,保利首开天誉,3900,http://bj.58.com/pinpaigongyu/30701673076165x.shtml?psid=103179970196839332732396041
【整租】青遇home 双桥 青遇新动漫,双桥,2400,http://bj.58.com/pinpaigongyu/29978998417998x.shtml?psid=103179970196839332732396041
【整租】西二旗 YOU+国际青年 1室0厅,YOU+国际青年,3300,http://bj.58.com/pinpaigongyu/30489823262908x.shtml?psid=103179970196839332732396041
【整租】东坝 北京城建福润四季 2室2厅,北京城建福润四季,3600,http://bj.58.com/pinpaigongyu/30246327515338x.shtml?psid=103179970196839332732396041
【整租】定福庄 传媒大学 1室0厅,传媒大学,2000,http://bj.58.com/pinpaigongyu/30912938314282x.shtml?psid=103179970196839332732396041
【整租】好客公寓 亦庄 好客公寓,【整租】好客公寓,2500-2600,http://bj.58.com/pinpaigongyu/30678440240056x.shtml?psid=103179970196839332732396041
【整租】东坝 金隅汇景苑 3室1厅,金隅汇景苑,4000,http://bj.58.com/pinpaigongyu/30819298472260x.shtml?psid=103179970196839332732396041
【合租】双桥 朝阳旺角 3室主卧,朝阳旺角,3000,http://bj.58.com/pinpaigongyu/30778144800690x.shtml?psid=103179970196839332732396041
【整租】东坝 金隅汇景苑 2室1厅,金隅汇景苑,3900,http://bj.58.com/pinpaigongyu/29651413358785x.shtml?psid=103179970196839332732396041
【整租】马连洼 上地六郎庄新村 1室1厅,上地六郎庄新村,3200,http://bj.58.com/pinpaigongyu/30500846519090x.shtml?psid=103179970196839332732396041
【整租】远江公寓 运河大街 运河大街店,【整租】远江公寓,2380-3080,http://bj.58.com/pinpaigongyu/30566901515972x.shtml?psid=125079258196839333432592951
【整租】青塔 春园 1室1厅,春园,4000,http://bj.58.com/pinpaigongyu/30104029999693x.shtml?psid=125079258196839333432592951
【整租】远江公寓 运河大街 运河大街店,【整租】远江公寓,2590-3090,http://bj.58.com/pinpaigongyu/30866415792811x.shtml?psid=125079258196839333432592951
【合租】马家堡 城南嘉园益城园 3室主卧,城南嘉园益城园,2240,http://bj.58.com/pinpaigongyu/30934158361414x.shtml?psid=125079258196839333432592951
【合租】双井 百环家园 4室主卧,百环家园,3580,http://bj.58.com/pinpaigongyu/30863727073218x.shtml?psid=125079258196839333432592951
【整租】熊猫公寓 南磨房 北工大店,【整租】熊猫公寓,3500-4200,http://bj.58.com/pinpaigongyu/30866410978503x.shtml?psid=125079258196839333432592951
【整租】双井 条玛青年公寓 1室1厅,条玛青年公寓,3700,http://bj.58.com/pinpaigongyu/30936551898939x.shtml?psid=125079258196839333432592951
【整租】远江公寓 运河大街 运河大街店,【整租】远江公寓,2990-3790,http://bj.58.com/pinpaigongyu/30843893268029x.shtml?psid=125079258196839333432592951
【合租】孙河 康营家园7期 3室主卧,康营家园7期,2400,http://bj.58.com/pinpaigongyu/30631937429164x.shtml?psid=125079258196839333432592951
【合租】建国门 灵通观 3室次卧,灵通观,3080,http://bj.58.com/pinpaigongyu/30864008506424x.shtml?psid=125079258196839333432592951
【合租】亚运村 安立花园小区 3室次卧,安立花园小区,2650,http://bj.58.com/pinpaigongyu/30800678780481x.shtml?psid=125079258196839333432592951
【整租】青遇home 双桥 青遇新动漫,双桥,2400,http://bj.58.com/pinpaigongyu/29978998417998x.shtml?psid=125079258196839333432592951
【合租】龙泽 融泽嘉园6号院 3室主卧,融泽嘉园6号院,2480,http://bj.58.com/pinpaigongyu/30455099553230x.shtml?psid=125079258196839333432592951
【整租】东坝 北京城建福润四季 2室2厅,北京城建福润四季,3800,http://bj.58.com/pinpaigongyu/30259085725503x.shtml?psid=125079258196839333432592951
【整租】东坝 金隅汇景苑四区 2室2厅,金隅汇景苑四区,4000,http://bj.58.com/pinpaigongyu/30159297789252x.shtml?psid=125079258196839333432592951
【整租】好客公寓 亦庄 好客公寓,【整租】好客公寓,2500-2600,http://bj.58.com/pinpaigongyu/30678440240056x.shtml?psid=125079258196839333432592951
【整租】东坝 金隅汇景苑 3室1厅,金隅汇景苑,3900,http://bj.58.com/pinpaigongyu/29651374199348x.shtml?psid=125079258196839333432592951
【合租】温泉 环保嘉苑 3室主卧,环保嘉苑,2090,http://bj.58.com/pinpaigongyu/30943382248132x.shtml?psid=125079258196839333432592951
【整租】东坝 金泽家园A区 1室1厅,金泽家园A区,3400,http://bj.58.com/pinpaigongyu/30411539343184x.shtml?psid=125079258196839333432592951
【合租】常营 中弘北京像素南区 3室次卧,中弘北京像素南区,2750,http://bj.58.com/pinpaigongyu/30800588833844x.shtml?psid=125079258196839333432592951
【整租】远江公寓 运河大街 运河大街店,【整租】远江公寓,2380-3080,http://bj.58.com/pinpaigongyu/30566901515972x.shtml?psid=172498846196839334133214131
【合租】常营 北辰福第南区 3室次卧,北辰福第南区,2580,http://bj.58.com/pinpaigongyu/30754838219443x.shtml?psid=172498846196839334133214131
【整租】远江公寓 运河大街 运河大街店,【整租】远江公寓,2590-3090,http://bj.58.com/pinpaigongyu/30866415792811x.shtml?psid=172498846196839334133214131
【合租】建国门 灵通观 3室次卧,灵通观,3080,http://bj.58.com/pinpaigongyu/30864008506424x.shtml?psid=172498846196839334133214131
【合租】永定门 华龙美晟 3室主卧,华龙美晟,2780,http://bj.58.com/pinpaigongyu/30863675955756x.shtml?psid=172498846196839334133214131
【整租】熊猫公寓 南磨房 北工大店,【整租】熊猫公寓,3500-4200,http://bj.58.com/pinpaigongyu/30866410978503x.shtml?psid=172498846196839334133214131
【整租】黄村 华远和墅雅园 2室1厅,华远和墅雅园,2680,http://bj.58.com/pinpaigongyu/30876916384426x.shtml?psid=172498846196839334133214131
【整租】远江公寓 运河大街 运河大街店,【整租】远江公寓,2990-3790,http://bj.58.com/pinpaigongyu/30843893268029x.shtml?psid=172498846196839334133214131
【合租】玉泉路 兆丰园三区 3室主卧,兆丰园三区,2300,http://bj.58.com/pinpaigongyu/30117298359751x.shtml?psid=172498846196839334133214131
【整租】沙河 巩华新村 2室1厅,巩华新村,3100,http://bj.58.com/pinpaigongyu/30712630477233x.shtml?psid=172498846196839334133214131
【合租】高碑店 北花园小区 3室主卧,北花园小区,2600,http://bj.58.com/pinpaigongyu/30778536012204x.shtml?psid=172498846196839334133214131
【整租】好客公寓 亦庄 好客公寓,【整租】好客公寓,2800-3000,http://bj.58.com/pinpaigongyu/30712331295312x.shtml?psid=172498846196839334133214131
【整租】东坝 北京城建福润四季 2室2厅,北京城建福润四季,3800,http://bj.58.com/pinpaigongyu/30259085725503x.shtml?psid=172498846196839334133214131
【整租】东坝 金隅汇景苑四区 2室2厅,金隅汇景苑四区,4000,http://bj.58.com/pinpaigongyu/30159297789252x.shtml?psid=172498846196839334133214131
【整租】东坝 北京城建福润四季 2室2厅,北京城建福润四季,3600,http://bj.58.com/pinpaigongyu/30245844219215x.shtml?psid=172498846196839334133214131
【整租】青遇home 双桥 青遇新动漫,双桥,2400,http://bj.58.com/pinpaigongyu/29978998417998x.shtml?psid=172498846196839334133214131
【合租】温泉 环保嘉苑 3室主卧,环保嘉苑,2090,http://bj.58.com/pinpaigongyu/30943382248132x.shtml?psid=172498846196839334133214131
【整租】东坝 金泽家园A区 1室1厅,金泽家园A区,3400,http://bj.58.com/pinpaigongyu/30411539343184x.shtml?psid=172498846196839334133214131
【合租】常营 中弘北京像素南区 3室次卧,中弘北京像素南区,2750,http://bj.58.com/pinpaigongyu/30800588833844x.shtml?psid=172498846196839334133214131
【整租】东坝 保利首开天誉 2室1厅,保利首开天誉,3900,http://bj.58.com/pinpaigongyu/30701673076165x.shtml?psid=172498846196839334133214131
【整租】远江公寓 运河大街 运河大街店,【整租】远江公寓,2380-3080,http://bj.58.com/pinpaigongyu/30566901515972x.shtml?psid=133862040196839334838747931
【整租】双桥 传媒大学乐乎城市 1室1厅,传媒大学乐乎城市,2700,http://bj.58.com/pinpaigongyu/30799640736567x.shtml?psid=133862040196839334838747931
【整租】远江公寓 运河大街 运河大街店,【整租】远江公寓,2590-3090,http://bj.58.com/pinpaigongyu/30866415792811x.shtml?psid=133862040196839334838747931
【整租】亦庄 万源街乐乎城市青 1室1厅,万源街乐乎城市青,2730,http://bj.58.com/pinpaigongyu/30788074932536x.shtml?psid=133862040196839334838747931
【整租】紫竹桥 又一村 1室0厅,又一村,3000,http://bj.58.com/pinpaigongyu/30646444063799x.shtml?psid=133862040196839334838747931
【整租】熊猫公寓 南磨房 北工大店,【整租】熊猫公寓,3500-4200,http://bj.58.com/pinpaigongyu/30866410978503x.shtml?psid=133862040196839334838747931
【整租】四惠 熊猫公寓 1室1厅,熊猫公寓,3600,http://bj.58.com/pinpaigongyu/30726240182717x.shtml?psid=133862040196839334838747931
【整租】远江公寓 运河大街 运河大街店,【整租】远江公寓,2990-3790,http://bj.58.com/pinpaigongyu/30843893268029x.shtml?psid=133862040196839334838747931
【合租】永定门 华龙美晟 3室主卧,华龙美晟,2620,http://bj.58.com/pinpaigongyu/30863900379452x.shtml?psid=133862040196839334838747931
【合租】青塔 同馨家园 3室主卧,同馨家园,2200,http://bj.58.com/pinpaigongyu/30465514389172x.shtml?psid=133862040196839334838747931
【整租】东坝 金隅汇景苑四区 3室1厅,金隅汇景苑四区,3800,http://bj.58.com/pinpaigongyu/29561989104446x.shtml?psid=133862040196839334838747931
【整租】好客公寓 亦庄 好客公寓,【整租】好客公寓,2500-2600,http://bj.58.com/pinpaigongyu/29075215548357x.shtml?psid=133862040196839334838747931
【合租】高碑店 北花园小区 3室主卧,北花园小区,2600,http://bj.58.com/pinpaigongyu/30778536012204x.shtml?psid=133862040196839334838747931
【合租】龙泽 融泽嘉园6号院 3室主卧,融泽嘉园6号院,2480,http://bj.58.com/pinpaigongyu/30455099553230x.shtml?psid=133862040196839334838747931
【整租】东坝 北京城建福润四季 2室2厅,北京城建福润四季,3800,http://bj.58.com/pinpaigongyu/30259085725503x.shtml?psid=133862040196839334838747931
【整租】好客公寓 亦庄 好客公寓,【整租】好客公寓,2800-3000,http://bj.58.com/pinpaigongyu/30712331295312x.shtml?psid=133862040196839334838747931
【整租】东坝 北京城建福润四季 2室2厅,北京城建福润四季,3600,http://bj.58.com/pinpaigongyu/30245844219215x.shtml?psid=133862040196839334838747931
【整租】东坝 金隅汇景苑 3室1厅,金隅汇景苑,3900,http://bj.58.com/pinpaigongyu/29651374199348x.shtml?psid=133862040196839334838747931
【合租】温泉 环保嘉苑 3室主卧,环保嘉苑,2090,http://bj.58.com/pinpaigongyu/30943382248132x.shtml?psid=133862040196839334838747931
【整租】东坝 金泽家园A区 1室1厅,金泽家园A区,3400,http://bj.58.com/pinpaigongyu/30411539343184x.shtml?psid=133862040196839334838747931
【整租】远江公寓 运河大街 运河大街店,【整租】远江公寓,2380-3080,http://bj.58.com/pinpaigongyu/30566901515972x.shtml?psid=142119234196839335541256944
【整租】亦庄 万源街乐乎城市青 1室1厅,万源街乐乎城市青,2730,http://bj.58.com/pinpaigongyu/30788074932536x.shtml?psid=142119234196839335541256944
【整租】远江公寓 运河大街 运河大街店,【整租】远江公寓,2590-3090,http://bj.58.com/pinpaigongyu/30866415792811x.shtml?psid=142119234196839335541256944
【整租】望京 香江北岸 1室1厅,香江北岸,3800,http://bj.58.com/pinpaigongyu/30775201625416x.shtml?psid=142119234196839335541256944
【整租】四惠 熊猫公寓 1室1厅,熊猫公寓,3600,http://bj.58.com/pinpaigongyu/30726240182717x.shtml?psid=142119234196839335541256944
【整租】熊猫公寓 南磨房 北工大店,【整租】熊猫公寓,3500-4200,http://bj.58.com/pinpaigongyu/30866410978503x.shtml?psid=142119234196839335541256944
【合租】永定门 华龙美晟 3室主卧,华龙美晟,2620,http://bj.58.com/pinpaigongyu/30863900379452x.shtml?psid=142119234196839335541256944
【整租】远江公寓 运河大街 运河大街店,【整租】远江公寓,2990-3790,http://bj.58.com/pinpaigongyu/30843893268029x.shtml?psid=142119234196839335541256944
【整租】回龙观 上北鑫座 1室0厅,上北鑫座,3300,http://bj.58.com/pinpaigongyu/30730399386573x.shtml?psid=142119234196839335541256944
【合租】松榆里 西大望路37号院 3室主卧,西大望路37号院,3120,http://bj.58.com/pinpaigongyu/30922498317883x.shtml?psid=142119234196839335541256944
【合租】回龙观 领秀慧谷A区 3室主卧,领秀慧谷A区,2300,http://bj.58.com/pinpaigongyu/30580076799421x.shtml?psid=142119234196839335541256944
【整租】好客公寓 亦庄 好客公寓,【整租】好客公寓,2500-2600,http://bj.58.com/pinpaigongyu/29075215548357x.shtml?psid=142119234196839335541256944
【合租】CBD 通盛公寓 1室次卧,通盛公寓,2300,http://bj.58.com/pinpaigongyu/30713023008178x.shtml?psid=142119234196839335541256944
【整租】东坝 金隅汇景苑 3室0厅,金隅汇景苑,4000,http://bj.58.com/pinpaigongyu/30767155802446x.shtml?psid=142119234196839335541256944
【整租】东坝 金隅汇景苑四区 3室1厅,金隅汇景苑四区,3800,http://bj.58.com/pinpaigongyu/29561989104446x.shtml?psid=142119234196839335541256944
【整租】好客公寓 亦庄 好客公寓,【整租】好客公寓,2800-3000,http://bj.58.com/pinpaigongyu/30712331295312x.shtml?psid=142119234196839335541256944
【合租】高碑店 北花园小区 3室主卧,北花园小区,2600,http://bj.58.com/pinpaigongyu/30778536012204x.shtml?psid=142119234196839335541256944
【合租】龙泽 融泽嘉园6号院 3室主卧,融泽嘉园6号院,2480,http://bj.58.com/pinpaigongyu/30455099553230x.shtml?psid=142119234196839335541256944
【整租】东坝 北京城建福润四季 2室2厅,北京城建福润四季,3800,http://bj.58.com/pinpaigongyu/30259085725503x.shtml?psid=142119234196839335541256944
【整租】东坝 金隅汇景苑四区 2室2厅,金隅汇景苑四区,4000,http://bj.58.com/pinpaigongyu/30159297789252x.shtml?psid=142119234196839335541256944
【整租】远江公寓 运河大街 运河大街店,【整租】远江公寓,2380-3080,http://bj.58.com/pinpaigongyu/30566901515972x.shtml?psid=184092491196839336248350263
【合租】青塔 同馨家园 3室主卧,同馨家园,2200,http://bj.58.com/pinpaigongyu/30465514389172x.shtml?psid=184092491196839336248350263
【整租】远江公寓 运河大街 运河大街店,【整租】远江公寓,2590-3090,http://bj.58.com/pinpaigongyu/30866415792811x.shtml?psid=184092491196839336248350263
【合租】松榆里 西大望路37号院 3室主卧,西大望路37号院,3120,http://bj.58.com/pinpaigongyu/30922498317883x.shtml?psid=184092491196839336248350263
【合租】北关 西富河园小区 3室主卧,西富河园小区,2430,http://bj.58.com/pinpaigongyu/30909993001270x.shtml?psid=184092491196839336248350263
【整租】熊猫公寓 南磨房 北工大店,【整租】熊猫公寓,3500-4200,http://bj.58.com/pinpaigongyu/30866410978503x.shtml?psid=184092491196839336248350263
【整租】中关村 总部公馆 1室1厅,总部公馆,4000,http://bj.58.com/pinpaigongyu/30865078081356x.shtml?psid=184092491196839336248350263
【整租】远江公寓 运河大街 运河大街店,【整租】远江公寓,2990-3790,http://bj.58.com/pinpaigongyu/30843893268029x.shtml?psid=184092491196839336248350263
【合租】大红门 石榴庄小区 3室次卧,石榴庄小区,2310,http://bj.58.com/pinpaigongyu/30911030542787x.shtml?psid=184092491196839336248350263
【合租】天通苑 天通苑西一区 3室主卧,天通苑西一区,2100,http://bj.58.com/pinpaigongyu/30910330244932x.shtml?psid=184092491196839336248350263
【合租】双井 观音惠园 3室主卧,观音惠园,2300,http://bj.58.com/pinpaigongyu/30777681683902x.shtml?psid=184092491196839336248350263
【整租】好客公寓 亦庄 好客公寓,【整租】好客公寓,2500-2600,http://bj.58.com/pinpaigongyu/29075215548357x.shtml?psid=184092491196839336248350263
【整租】好客公寓 亦庄 好客公寓,【整租】好客公寓,2800-3000,http://bj.58.com/pinpaigongyu/30677309207233x.shtml?psid=184092491196839336248350263
【合租】CBD 通盛公寓 1室次卧,通盛公寓,2300,http://bj.58.com/pinpaigongyu/30713023008178x.shtml?psid=184092491196839336248350263
【整租】东坝 金隅汇景苑 3室0厅,金隅汇景苑,4000,http://bj.58.com/pinpaigongyu/30767155802446x.shtml?psid=184092491196839336248350263
【整租】好客公寓 亦庄 好客公寓,【整租】好客公寓,2800-3000,http://bj.58.com/pinpaigongyu/30712331295312x.shtml?psid=184092491196839336248350263
【合租】亚运村 安立花园小区 3室次卧,安立花园小区,2650,http://bj.58.com/pinpaigongyu/30800678780481x.shtml?psid=184092491196839336248350263
【合租】高碑店 北花园小区 3室主卧,北花园小区,2600,http://bj.58.com/pinpaigongyu/30778536012204x.shtml?psid=184092491196839336248350263
【合租】龙泽 融泽嘉园6号院 3室主卧,融泽嘉园6号院,2480,http://bj.58.com/pinpaigongyu/30455099553230x.shtml?psid=184092491196839336248350263
【整租】东坝 北京城建福润四季 2室2厅,北京城建福润四季,3800,http://bj.58.com/pinpaigongyu/30259085725503x.shtml?psid=184092491196839336248350263
【整租】远江公寓 运河大街 运河大街店,【整租】远江公寓,2380-3080,http://bj.58.com/pinpaigongyu/30566901515972x.shtml?psid=146838574196839336945553060
【合租】青塔 同馨家园 3室主卧,同馨家园,2200,http://bj.58.com/pinpaigongyu/30465514389172x.shtml?psid=146838574196839336945553060
【整租】远江公寓 运河大街 运河大街店,【整租】远江公寓,2590-3090,http://bj.58.com/pinpaigongyu/30866415792811x.shtml?psid=146838574196839336945553060
【合租】松榆里 西大望路37号院 3室主卧,西大望路37号院,3120,http://bj.58.com/pinpaigongyu/30922498317883x.shtml?psid=146838574196839336945553060
【合租】北关 西富河园小区 3室主卧,西富河园小区,2430,http://bj.58.com/pinpaigongyu/30909993001270x.shtml?psid=146838574196839336945553060
【整租】熊猫公寓 南磨房 北工大店,【整租】熊猫公寓,3500-4200,http://bj.58.com/pinpaigongyu/30866410978503x.shtml?psid=146838574196839336945553060
【整租】中关村 总部公馆 1室1厅,总部公馆,4000,http://bj.58.com/pinpaigongyu/30865078081356x.shtml?psid=146838574196839336945553060
【整租】远江公寓 运河大街 运河大街店,【整租】远江公寓,2990-3790,http://bj.58.com/pinpaigongyu/30843893268029x.shtml?psid=146838574196839336945553060
【合租】大红门 石榴庄小区 3室次卧,石榴庄小区,2310,http://bj.58.com/pinpaigongyu/30911030542787x.shtml?psid=146838574196839336945553060
【合租】天通苑 天通苑西一区 3室主卧,天通苑西一区,2100,http://bj.58.com/pinpaigongyu/30910330244932x.shtml?psid=146838574196839336945553060
【合租】回龙观 融泽嘉园二号院( 2室主卧,融泽嘉园二号院(,2080,http://bj.58.com/pinpaigongyu/30941649049540x.shtml?psid=146838574196839336945553060
【整租】好客公寓 亦庄 好客公寓,【整租】好客公寓,2500-2600,http://bj.58.com/pinpaigongyu/29075215548357x.shtml?psid=146838574196839336945553060
【整租】东坝 福润四季 2室1厅,福润四季,3700,http://bj.58.com/pinpaigongyu/29858013345201x.shtml?psid=146838574196839336945553060
【合租】双井 观音惠园 3室主卧,观音惠园,2300,http://bj.58.com/pinpaigongyu/30777681683902x.shtml?psid=146838574196839336945553060
【合租】回龙观 领秀慧谷A区 3室主卧,领秀慧谷A区,2300,http://bj.58.com/pinpaigongyu/30580076799421x.shtml?psid=146838574196839336945553060
【整租】好客公寓 亦庄 好客公寓,【整租】好客公寓,2800-3000,http://bj.58.com/pinpaigongyu/30712331295312x.shtml?psid=146838574196839336945553060
【合租】CBD 通盛公寓 1室次卧,通盛公寓,2300,http://bj.58.com/pinpaigongyu/30713023008178x.shtml?psid=146838574196839336945553060
【整租】东坝 金隅汇景苑 3室0厅,金隅汇景苑,4000,http://bj.58.com/pinpaigongyu/30767155802446x.shtml?psid=146838574196839336945553060
【整租】东坝 金隅汇景苑四区 3室1厅,金隅汇景苑四区,3800,http://bj.58.com/pinpaigongyu/29561989104446x.shtml?psid=146838574196839336945553060
【合租】亚运村 安立花园小区 3室次卧,安立花园小区,2650,http://bj.58.com/pinpaigongyu/30800678780481x.shtml?psid=146838574196839336945553060
【整租】远江公寓 运河大街 运河大街店,【整租】远江公寓,2380-3080,http://bj.58.com/pinpaigongyu/30566901515972x.shtml?psid=132319128196839337645137288
【整租】回龙观 上北鑫座 1室0厅,上北鑫座,3300,http://bj.58.com/pinpaigongyu/30730399386573x.shtml?psid=132319128196839337645137288
【整租】远江公寓 运河大街 运河大街店,【整租】远江公寓,2590-3090,http://bj.58.com/pinpaigongyu/30866415792811x.shtml?psid=132319128196839337645137288
【合租】北关 西富河园小区 3室主卧,西富河园小区,2430,http://bj.58.com/pinpaigongyu/30909993001270x.shtml?psid=132319128196839337645137288
【合租】望京 臻园 3室主卧,臻园,2320,http://bj.58.com/pinpaigongyu/30943137195189x.shtml?psid=132319128196839337645137288
【整租】熊猫公寓 南磨房 北工大店,【整租】熊猫公寓,3500-4200,http://bj.58.com/pinpaigongyu/30866410978503x.shtml?psid=132319128196839337645137288
【合租】双井 百环家园 4室主卧,百环家园,3380,http://bj.58.com/pinpaigongyu/30743868949043x.shtml?psid=132319128196839337645137288
【整租】远江公寓 运河大街 运河大街店,【整租】远江公寓,2990-3790,http://bj.58.com/pinpaigongyu/30843893268029x.shtml?psid=132319128196839337645137288
【合租】天通苑 天通苑西一区 3室主卧,天通苑西一区,2100,http://bj.58.com/pinpaigongyu/30910330244932x.shtml?psid=132319128196839337645137288
【合租】丽泽桥 万泉盛景园 3室主卧,万泉盛景园,2340,http://bj.58.com/pinpaigongyu/30932438355512x.shtml?psid=132319128196839337645137288
【合租】朝青板块 青年汇佳园 3室主卧,青年汇佳园,2160,http://bj.58.com/pinpaigongyu/30555498866110x.shtml?psid=132319128196839337645137288
【整租】好客公寓 亦庄 好客公寓,【整租】好客公寓,2500-2600,http://bj.58.com/pinpaigongyu/29075215548357x.shtml?psid=132319128196839337645137288
【合租】望京 望京花园东区 3室次卧,望京花园东区,2270,http://bj.58.com/pinpaigongyu/30865670250184x.shtml?psid=132319128196839337645137288
【合租】国贸 观音惠园 3室主卧,观音惠园,2500,http://bj.58.com/pinpaigongyu/30777884137777x.shtml?psid=132319128196839337645137288
【整租】东坝 福润四季 2室1厅,福润四季,3500,http://bj.58.com/pinpaigongyu/29858037157170x.shtml?psid=132319128196839337645137288
【整租】好客公寓 亦庄 好客公寓,【整租】好客公寓,2800-3000,http://bj.58.com/pinpaigongyu/30712331295312x.shtml?psid=132319128196839337645137288
【合租】常营 连心园 3室主卧,连心园,2800,http://bj.58.com/pinpaigongyu/30800455556280x.shtml?psid=132319128196839337645137288
【整租】东坝 福润四季 2室1厅,福润四季,3700,http://bj.58.com/pinpaigongyu/29858013345201x.shtml?psid=132319128196839337645137288
【合租】双井 观音惠园 3室主卧,观音惠园,2300,http://bj.58.com/pinpaigongyu/30777681683902x.shtml?psid=132319128196839337645137288
【合租】回龙观 领秀慧谷A区 3室主卧,领秀慧谷A区,2300,http://bj.58.com/pinpaigongyu/30580076799421x.shtml?psid=132319128196839337645137288
【整租】远江公寓 运河大街 运河大街店,【整租】远江公寓,2380-3080,http://bj.58.com/pinpaigongyu/30566901515972x.shtml?psid=122166311196839338349346749
【合租】双井 百环家园 4室主卧,百环家园,3380,http://bj.58.com/pinpaigongyu/30743868949043x.shtml?psid=122166311196839338349346749
【整租】远江公寓 运河大街 运河大街店,【整租】远江公寓,2590-3090,http://bj.58.com/pinpaigongyu/30866415792811x.shtml?psid=122166311196839338349346749
【合租】天通苑 天通苑西一区 3室主卧,天通苑西一区,2100,http://bj.58.com/pinpaigongyu/30910330244932x.shtml?psid=122166311196839338349346749
【合租】丽泽桥 万泉盛景园 3室主卧,万泉盛景园,2340,http://bj.58.com/pinpaigongyu/30932438355512x.shtml?psid=122166311196839338349346749
【整租】熊猫公寓 南磨房 北工大店,【整租】熊猫公寓,3500-4200,http://bj.58.com/pinpaigongyu/30866410978503x.shtml?psid=122166311196839338349346749
【整租】沙河 兆丰家园东区 2室1厅,兆丰家园东区,3160,http://bj.58.com/pinpaigongyu/30664517384123x.shtml?psid=122166311196839338349346749
【整租】远江公寓 运河大街 运河大街店,【整租】远江公寓,2990-3790,http://bj.58.com/pinpaigongyu/30843893268029x.shtml?psid=122166311196839338349346749
【合租】定福庄 泰福苑一区 3室主卧,泰福苑一区,2130,http://bj.58.com/pinpaigongyu/30934089567947x.shtml?psid=122166311196839338349346749
【整租】中仓 西营前街小区 1室0厅,西营前街小区,2080,http://bj.58.com/pinpaigongyu/30840978490698x.shtml?psid=122166311196839338349346749
【合租】后沙峪 双裕花园 3室主卧,双裕花园,2480,http://bj.58.com/pinpaigongyu/30866265010609x.shtml?psid=122166311196839338349346749
【整租】好客公寓 亦庄 好客公寓,【整租】好客公寓,2500-2600,http://bj.58.com/pinpaigongyu/29127252124102x.shtml?psid=122166311196839338349346749
【合租】四惠 观音惠园 3室主卧,观音惠园,2100,http://bj.58.com/pinpaigongyu/30778488527275x.shtml?psid=122166311196839338349346749
【合租】国贸 观音惠园 3室主卧,观音惠园,2500,http://bj.58.com/pinpaigongyu/30778514129486x.shtml?psid=122166311196839338349346749
【整租】东坝 北京城建福润四季 2室1厅,北京城建福润四季,3600,http://bj.58.com/pinpaigongyu/30203569560016x.shtml?psid=122166311196839338349346749
【整租】好客公寓 亦庄 好客公寓,【整租】好客公寓,2500-2600,http://bj.58.com/pinpaigongyu/29075215548357x.shtml?psid=122166311196839338349346749
【整租】东坝 北京城建福润四季 2室2厅,北京城建福润四季,3800,http://bj.58.com/pinpaigongyu/30247351273534x.shtml?psid=122166311196839338349346749
【合租】朝青板块 青年汇佳园 3室主卧,青年汇佳园,2160,http://bj.58.com/pinpaigongyu/30555498866110x.shtml?psid=122166311196839338349346749
【合租】潘家园 松榆西里 3室次卧,松榆西里,2250,http://bj.58.com/pinpaigongyu/30766228543438x.shtml?psid=122166311196839338349346749
【合租】望京 望京花园东区 3室次卧,望京花园东区,2270,http://bj.58.com/pinpaigongyu/30865670250184x.shtml?psid=122166311196839338349346749
【整租】远江公寓 运河大街 运河大街店,【整租】远江公寓,2380-3080,http://bj.58.com/pinpaigongyu/30566901515972x.shtml?psid=129726622196839339051501393
【整租】沙河 兆丰家园东区 2室1厅,兆丰家园东区,3160,http://bj.58.com/pinpaigongyu/30664517384123x.shtml?psid=129726622196839339051501393
【整租】远江公寓 运河大街 运河大街店,【整租】远江公寓,2590-3090,http://bj.58.com/pinpaigongyu/30866415792811x.shtml?psid=129726622196839339051501393
【合租】定福庄 泰福苑一区 3室主卧,泰福苑一区,2130,http://bj.58.com/pinpaigongyu/30934089567947x.shtml?psid=129726622196839339051501393
【整租】中仓 西营前街小区 1室0厅,西营前街小区,2080,http://bj.58.com/pinpaigongyu/30840978490698x.shtml?psid=129726622196839339051501393
【整租】熊猫公寓 南磨房 北工大店,【整租】熊猫公寓,3500-4200,http://bj.58.com/pinpaigongyu/30866410978503x.shtml?psid=129726622196839339051501393
【整租】定福庄 条玛青年公寓 1室1厅,条玛青年公寓,2800,http://bj.58.com/pinpaigongyu/30941426453068x.shtml?psid=129726622196839339051501393
【整租】远江公寓 运河大街 运河大街店,【整租】远江公寓,2990-3790,http://bj.58.com/pinpaigongyu/30843893268029x.shtml?psid=129726622196839339051501393
【合租】孙河 康营家园7期 2室主卧,康营家园7期,2380,http://bj.58.com/pinpaigongyu/30929571446583x.shtml?psid=129726622196839339051501393
【整租】新华大街 新城南关小区 1室1厅,新城南关小区,2080,http://bj.58.com/pinpaigongyu/30808077769908x.shtml?psid=129726622196839339051501393
【合租】朝青板块 青年汇佳园 3室主卧,青年汇佳园,2160,http://bj.58.com/pinpaigongyu/30555498866110x.shtml?psid=129726622196839339051501393
【整租】好客公寓 亦庄 好客公寓,【整租】好客公寓,2800-3000,http://bj.58.com/pinpaigongyu/29849349071440x.shtml?psid=129726622196839339051501393
【合租】望京 望京花园东区 3室次卧,望京花园东区,2270,http://bj.58.com/pinpaigongyu/30865670250184x.shtml?psid=129726622196839339051501393
【合租】国贸 观音惠园 3室主卧,观音惠园,2500,http://bj.58.com/pinpaigongyu/30777884137777x.shtml?psid=129726622196839339051501393
【整租】东坝 福润四季 2室1厅,福润四季,3500,http://bj.58.com/pinpaigongyu/29858037157170x.shtml?psid=129726622196839339051501393
【整租】好客公寓 亦庄 好客公寓,【整租】好客公寓,2500-2600,http://bj.58.com/pinpaigongyu/29127252124102x.shtml?psid=129726622196839339051501393
【合租】常营 连心园 3室主卧,连心园,2800,http://bj.58.com/pinpaigongyu/30800455556280x.shtml?psid=129726622196839339051501393
【整租】东坝 福润四季 2室1厅,福润四季,3700,http://bj.58.com/pinpaigongyu/29858013345201x.shtml?psid=129726622196839339051501393
【合租】双井 观音惠园 3室主卧,观音惠园,2300,http://bj.58.com/pinpaigongyu/30777681683902x.shtml?psid=129726622196839339051501393
【合租】回龙观 领秀慧谷A区 3室主卧,领秀慧谷A区,2300,http://bj.58.com/pinpaigongyu/30580076799421x.shtml?psid=129726622196839339051501393
【整租】远江公寓 运河大街 运河大街店,【整租】远江公寓,2380-3080,http://bj.58.com/pinpaigongyu/30566901515972x.shtml?psid=141975796196839339754023563
【整租】定福庄 条玛青年公寓 1室1厅,条玛青年公寓,2800,http://bj.58.com/pinpaigongyu/30941426453068x.shtml?psid=141975796196839339754023563
【整租】远江公寓 运河大街 运河大街店,【整租】远江公寓,2590-3090,http://bj.58.com/pinpaigongyu/30866415792811x.shtml?psid=141975796196839339754023563
【合租】孙河 康营家园7期 2室主卧,康营家园7期,2380,http://bj.58.com/pinpaigongyu/30929571446583x.shtml?psid=141975796196839339754023563
【整租】新华大街 新城南关小区 1室1厅,新城南关小区,2080,http://bj.58.com/pinpaigongyu/30808077769908x.shtml?psid=141975796196839339754023563
【整租】熊猫公寓 南磨房 北工大店,【整租】熊猫公寓,3500-4200,http://bj.58.com/pinpaigongyu/30866410978503x.shtml?psid=141975796196839339754023563
【整租】回龙观 东亚上北中心 1室1厅,东亚上北中心,3199,http://bj.58.com/pinpaigongyu/30642924585531x.shtml?psid=141975796196839339754023563
【整租】远江公寓 运河大街 运河大街店,【整租】远江公寓,2990-3790,http://bj.58.com/pinpaigongyu/30843893268029x.shtml?psid=141975796196839339754023563
【整租】雁栖 雁鸣山庄 1室1厅,雁鸣山庄,3200,http://bj.58.com/pinpaigongyu/30643776515268x.shtml?psid=141975796196839339754023563
【合租】方庄 紫芳园一区 3室次卧,紫芳园一区,2690,http://bj.58.com/pinpaigongyu/30931657149249x.shtml?psid=141975796196839339754023563
【整租】东坝 北京城建福润四季 2室2厅,北京城建福润四季,3800,http://bj.58.com/pinpaigongyu/30247351273534x.shtml?psid=141975796196839339754023563
【整租】好客公寓 亦庄 好客公寓,【整租】好客公寓,3200-3300,http://bj.58.com/pinpaigongyu/30257178523979x.shtml?psid=141975796196839339754023563
【合租】潘家园 松榆西里 3室次卧,松榆西里,2250,http://bj.58.com/pinpaigongyu/30766228543438x.shtml?psid=141975796196839339754023563
【合租】望京 望京花园东区 3室次卧,望京花园东区,2270,http://bj.58.com/pinpaigongyu/30865670250184x.shtml?psid=141975796196839339754023563
【合租】国贸 观音惠园 3室主卧,观音惠园,2500,http://bj.58.com/pinpaigongyu/30777884137777x.shtml?psid=141975796196839339754023563
【整租】好客公寓 亦庄 好客公寓,【整租】好客公寓,2800-3000,http://bj.58.com/pinpaigongyu/29849349071440x.shtml?psid=141975796196839339754023563
【合租】回龙观 融泽嘉园二号院( 2室主卧,融泽嘉园二号院(,2080,http://bj.58.com/pinpaigongyu/30941649049540x.shtml?psid=141975796196839339754023563
【合租】常营 连心园 3室主卧,连心园,2800,http://bj.58.com/pinpaigongyu/30800455556280x.shtml?psid=141975796196839339754023563
【整租】东坝 福润四季 2室1厅,福润四季,3700,http://bj.58.com/pinpaigongyu/29858013345201x.shtml?psid=141975796196839339754023563
【合租】双井 观音惠园 3室主卧,观音惠园,2300,http://bj.58.com/pinpaigongyu/30777681683902x.shtml?psid=141975796196839339754023563
【整租】远江公寓 运河大街 运河大街店,【整租】远江公寓,2380-3080,http://bj.58.com/pinpaigongyu/30566901515972x.shtml?psid=174878603196839340448671103
【整租】回龙观 东亚上北中心 1室1厅,东亚上北中心,3199,http://bj.58.com/pinpaigongyu/30642924585531x.shtml?psid=174878603196839340448671103
【整租】远江公寓 运河大街 运河大街店,【整租】远江公寓,2590-3090,http://bj.58.com/pinpaigongyu/30866415792811x.shtml?psid=174878603196839340448671103
【整租】雁栖 雁鸣山庄 1室1厅,雁鸣山庄,3200,http://bj.58.com/pinpaigongyu/30643776515268x.shtml?psid=174878603196839340448671103
【合租】方庄 紫芳园一区 3室次卧,紫芳园一区,2690,http://bj.58.com/pinpaigongyu/30931657149249x.shtml?psid=174878603196839340448671103
【整租】熊猫公寓 南磨房 北工大店,【整租】熊猫公寓,3500-4200,http://bj.58.com/pinpaigongyu/30866410978503x.shtml?psid=174878603196839340448671103
【合租】双井 富力城B区 3室主卧,富力城B区,2250,http://bj.58.com/pinpaigongyu/30910140531536x.shtml?psid=174878603196839340448671103
【整租】远江公寓 运河大街 运河大街店,【整租】远江公寓,2990-3790,http://bj.58.com/pinpaigongyu/30843893268029x.shtml?psid=174878603196839340448671103
【合租】双井 富力城C区 3室主卧,富力城C区,2420,http://bj.58.com/pinpaigongyu/30910137003195x.shtml?psid=174878603196839340448671103
【合租】回龙观 风雅园二区 3室主卧,风雅园二区,2400,http://bj.58.com/pinpaigongyu/30921605282484x.shtml?psid=174878603196839340448671103
【合租】国贸 观音惠园 3室主卧,观音惠园,2500,http://bj.58.com/pinpaigongyu/30777884137777x.shtml?psid=174878603196839340448671103
【整租】好客公寓 亦庄 好客公寓,【整租】好客公寓,3200-3300,http://bj.58.com/pinpaigongyu/30257178523979x.shtml?psid=174878603196839340448671103
【合租】回龙观 融泽嘉园二号院( 2室主卧,融泽嘉园二号院(,2080,http://bj.58.com/pinpaigongyu/30941649049540x.shtml?psid=174878603196839340448671103
【合租】常营 连心园 3室主卧,连心园,2800,http://bj.58.com/pinpaigongyu/30800455556280x.shtml?psid=174878603196839340448671103
【整租】东坝 福润四季 2室1厅,福润四季,3700,http://bj.58.com/pinpaigongyu/29858013345201x.shtml?psid=174878603196839340448671103
【整租】好客公寓 亦庄 好客公寓,【整租】好客公寓,2800-3000,http://bj.58.com/pinpaigongyu/29849349071440x.shtml?psid=174878603196839340448671103
【合租】回龙观 领秀慧谷A区 3室主卧,领秀慧谷A区,2300,http://bj.58.com/pinpaigongyu/30580076799421x.shtml?psid=174878603196839340448671103
【整租】好客公寓 亦庄 好客公寓,【整租】好客公寓,2800-3000,http://bj.58.com/pinpaigongyu/30677309207233x.shtml?psid=174878603196839340448671103
【合租】CBD 通盛公寓 1室次卧,通盛公寓,2300,http://bj.58.com/pinpaigongyu/30713023008178x.shtml?psid=174878603196839340448671103
【整租】东坝 金隅汇景苑 3室0厅,金隅汇景苑,4000,http://bj.58.com/pinpaigongyu/30767155802446x.shtml?psid=174878603196839340448671103
【整租】远江公寓 运河大街 运河大街店,【整租】远江公寓,2880-3480,http://bj.58.com/pinpaigongyu/30844692267702x.shtml?psid=199688510196839341153381567
【整租】天竺 西平里 1室1厅,西平里,3200,http://bj.58.com/pinpaigongyu/30646846747308x.shtml?psid=199688510196839341153381567
【整租】远江公寓 运河大街 运河大街店,【整租】远江公寓,2380-3080,http://bj.58.com/pinpaigongyu/30566901515972x.shtml?psid=199688510196839341153381567
【合租】回龙观 风雅园二区 3室主卧,风雅园二区,2400,http://bj.58.com/pinpaigongyu/30921605282484x.shtml?psid=199688510196839341153381567
【整租】双桥 传媒大学乐乎城市 1室1厅,传媒大学乐乎城市,2700,http://bj.58.com/pinpaigongyu/30930436864041x.shtml?psid=199688510196839341153381567
【整租】远江公寓 运河大街 运河大街店,【整租】远江公寓,2590-3090,http://bj.58.com/pinpaigongyu/30866415792811x.shtml?psid=199688510196839341153381567
【合租】管庄 北京新天地(西区 2室次卧,北京新天地(西区,2880,http://bj.58.com/pinpaigongyu/30754963085241x.shtml?psid=199688510196839341153381567
【整租】熊猫公寓 南磨房 北工大店,【整租】熊猫公寓,3500-4200,http://bj.58.com/pinpaigongyu/30866410978503x.shtml?psid=199688510196839341153381567
【合租】潘家园 弘善家园 3室次卧,弘善家园,2180,http://bj.58.com/pinpaigongyu/30809837978687x.shtml?psid=199688510196839341153381567
【整租】四惠 条玛青年公寓 1室1厅,条玛青年公寓,2899,http://bj.58.com/pinpaigongyu/30941336506568x.shtml?psid=199688510196839341153381567
【合租】国贸 观音惠园 3室主卧,观音惠园,2500,http://bj.58.com/pinpaigongyu/30777884137777x.shtml?psid=199688510196839341153381567
【整租】好客公寓 亦庄 好客公寓,【整租】好客公寓,3200-3300,http://bj.58.com/pinpaigongyu/30257178523979x.shtml?psid=199688510196839341153381567
【合租】回龙观 融泽嘉园二号院( 2室主卧,融泽嘉园二号院(,2080,http://bj.58.com/pinpaigongyu/30941649049540x.shtml?psid=199688510196839341153381567
【合租】常营 连心园 3室主卧,连心园,2800,http://bj.58.com/pinpaigongyu/30800455556280x.shtml?psid=199688510196839341153381567
【整租】东坝 福润四季 2室1厅,福润四季,3700,http://bj.58.com/pinpaigongyu/29858013345201x.shtml?psid=199688510196839341153381567
【整租】好客公寓 亦庄 好客公寓,【整租】好客公寓,2800-3000,http://bj.58.com/pinpaigongyu/29849349071440x.shtml?psid=199688510196839341153381567
【合租】回龙观 领秀慧谷A区 3室主卧,领秀慧谷A区,2300,http://bj.58.com/pinpaigongyu/30580076799421x.shtml?psid=199688510196839341153381567
【整租】好客公寓 亦庄 好客公寓,【整租】好客公寓,2800-3000,http://bj.58.com/pinpaigongyu/30677309207233x.shtml?psid=199688510196839341153381567
【合租】CBD 通盛公寓 1室次卧,通盛公寓,2300,http://bj.58.com/pinpaigongyu/30713023008178x.shtml?psid=199688510196839341153381567
【整租】东坝 金隅汇景苑 3室0厅,金隅汇景苑,4000,http://bj.58.com/pinpaigongyu/30767155802446x.shtml?psid=199688510196839341153381567
【整租】远江公寓 运河大街 运河大街店,【整租】远江公寓,2880-3480,http://bj.58.com/pinpaigongyu/30844692267702x.shtml?psid=193710588196839341839733759
【整租】沙河 顺沙路8号院一区 2室1厅,顺沙路8号院一区,3400,http://bj.58.com/pinpaigongyu/30906901530061x.shtml?psid=193710588196839341839733759
【整租】远江公寓 运河大街 运河大街店,【整租】远江公寓,2380-3080,http://bj.58.com/pinpaigongyu/30566901515972x.shtml?psid=193710588196839341839733759
【合租】管庄 远洋一方润园西区 4室主卧,远洋一方润园西区,2180,http://bj.58.com/pinpaigongyu/30842244609841x.shtml?psid=193710588196839341839733759
【合租】潘家园 弘善家园 3室次卧,弘善家园,2180,http://bj.58.com/pinpaigongyu/30809837978687x.shtml?psid=193710588196839341839733759
【整租】远江公寓 运河大街 运河大街店,【整租】远江公寓,2590-3090,http://bj.58.com/pinpaigongyu/30866415792811x.shtml?psid=193710588196839341839733759
【整租】四惠 函数公寓（传媒大 1室1厅,函数公寓（传媒大,2700,http://bj.58.com/pinpaigongyu/30091551693882x.shtml?psid=193710588196839341839733759
【整租】熊猫公寓 南磨房 北工大店,【整租】熊猫公寓,3500-4200,http://bj.58.com/pinpaigongyu/30866410978503x.shtml?psid=193710588196839341839733759
【整租】回龙观 龙腾苑三区 1室0厅,龙腾苑三区,3260,http://bj.58.com/pinpaigongyu/30797058337736x.shtml?psid=193710588196839341839733759
【整租】青塔 汇锦园 1室1厅,汇锦园,3400,http://bj.58.com/pinpaigongyu/30867105905608x.shtml?psid=193710588196839341839733759
【整租】东坝 北京城建福润四季 2室2厅,北京城建福润四季,3800,http://bj.58.com/pinpaigongyu/30247351273534x.shtml?psid=193710588196839341839733759
【整租】好客公寓 亦庄 好客公寓,【整租】好客公寓,3200-3300,http://bj.58.com/pinpaigongyu/30257178523979x.shtml?psid=193710588196839341839733759
【合租】潘家园 松榆西里 3室次卧,松榆西里,2250,http://bj.58.com/pinpaigongyu/30766228543438x.shtml?psid=193710588196839341839733759
【合租】望京 望京花园东区 3室次卧,望京花园东区,2270,http://bj.58.com/pinpaigongyu/30865670250184x.shtml?psid=193710588196839341839733759
【合租】国贸 观音惠园 3室主卧,观音惠园,2500,http://bj.58.com/pinpaigongyu/30777884137777x.shtml?psid=193710588196839341839733759
【整租】好客公寓 亦庄 好客公寓,【整租】好客公寓,2800-3000,http://bj.58.com/pinpaigongyu/29849349071440x.shtml?psid=193710588196839341839733759
【合租】回龙观 融泽嘉园二号院( 2室主卧,融泽嘉园二号院(,2080,http://bj.58.com/pinpaigongyu/30941649049540x.shtml?psid=193710588196839341839733759
【合租】常营 连心园 3室主卧,连心园,2800,http://bj.58.com/pinpaigongyu/30800455556280x.shtml?psid=193710588196839341839733759
【整租】东坝 福润四季 2室1厅,福润四季,3700,http://bj.58.com/pinpaigongyu/29858013345201x.shtml?psid=193710588196839341839733759
【合租】双井 观音惠园 3室主卧,观音惠园,2300,http://bj.58.com/pinpaigongyu/30777681683902x.shtml?psid=193710588196839341839733759
【整租】远江公寓 运河大街 运河大街店,【整租】远江公寓,2880-3480,http://bj.58.com/pinpaigongyu/30844692267702x.shtml?psid=176652103196839342558136016
【整租】四惠 函数公寓（传媒大 1室1厅,函数公寓（传媒大,2700,http://bj.58.com/pinpaigongyu/30091551693882x.shtml?psid=176652103196839342558136016
【整租】远江公寓 运河大街 运河大街店,【整租】远江公寓,2380-3080,http://bj.58.com/pinpaigongyu/30566901515972x.shtml?psid=176652103196839342558136016
【整租】回龙观 龙腾苑三区 1室0厅,龙腾苑三区,3260,http://bj.58.com/pinpaigongyu/30797058337736x.shtml?psid=176652103196839342558136016
【整租】青塔 汇锦园 1室1厅,汇锦园,3400,http://bj.58.com/pinpaigongyu/30867105905608x.shtml?psid=176652103196839342558136016
【整租】远江公寓 运河大街 运河大街店,【整租】远江公寓,2590-3090,http://bj.58.com/pinpaigongyu/30866415792811x.shtml?psid=176652103196839342558136016
【合租】天竺 空港米兰花园 4室主卧,空港米兰花园,3500,http://bj.58.com/pinpaigongyu/30401044958264x.shtml?psid=176652103196839342558136016
【整租】熊猫公寓 南磨房 北工大店,【整租】熊猫公寓,3500-4200,http://bj.58.com/pinpaigongyu/30866410978503x.shtml?psid=176652103196839342558136016
【合租】黄村 蓝天花园 3室主卧,蓝天花园,2340,http://bj.58.com/pinpaigongyu/30910542884423x.shtml?psid=176652103196839342558136016
【合租】望京 银领国际 3室主卧,银领国际,2410,http://bj.58.com/pinpaigongyu/30909866972102x.shtml?psid=176652103196839342558136016
【整租】东坝 北京城建福润四季 2室2厅,北京城建福润四季,3800,http://bj.58.com/pinpaigongyu/30247351273534x.shtml?psid=176652103196839342558136016
【整租】好客公寓 亦庄 好客公寓,【整租】好客公寓,3200-3300,http://bj.58.com/pinpaigongyu/30257178523979x.shtml?psid=176652103196839342558136016
【合租】潘家园 松榆西里 3室次卧,松榆西里,2250,http://bj.58.com/pinpaigongyu/30766228543438x.shtml?psid=176652103196839342558136016
【合租】望京 望京花园东区 3室次卧,望京花园东区,2270,http://bj.58.com/pinpaigongyu/30865670250184x.shtml?psid=176652103196839342558136016
【合租】国贸 观音惠园 3室主卧,观音惠园,2500,http://bj.58.com/pinpaigongyu/30777884137777x.shtml?psid=176652103196839342558136016
【整租】好客公寓 亦庄 好客公寓,【整租】好客公寓,2800-3000,http://bj.58.com/pinpaigongyu/29849349071440x.shtml?psid=176652103196839342558136016
【合租】回龙观 融泽嘉园二号院( 2室主卧,融泽嘉园二号院(,2080,http://bj.58.com/pinpaigongyu/30941649049540x.shtml?psid=176652103196839342558136016
【合租】常营 连心园 3室主卧,连心园,2800,http://bj.58.com/pinpaigongyu/30800455556280x.shtml?psid=176652103196839342558136016
【整租】东坝 福润四季 2室1厅,福润四季,3700,http://bj.58.com/pinpaigongyu/29858013345201x.shtml?psid=176652103196839342558136016
【合租】双井 观音惠园 3室主卧,观音惠园,2300,http://bj.58.com/pinpaigongyu/30777681683902x.shtml?psid=176652103196839342558136016
【整租】远江公寓 运河大街 运河大街店,【整租】远江公寓,2880-3480,http://bj.58.com/pinpaigongyu/30844692267702x.shtml?psid=112390093196839343267921951
【合租】回龙观 新龙城三期 4室主卧,新龙城三期,2190,http://bj.58.com/pinpaigongyu/30664011197513x.shtml?psid=112390093196839343267921951
【整租】远江公寓 运河大街 运河大街店,【整租】远江公寓,2380-3080,http://bj.58.com/pinpaigongyu/30566901515972x.shtml?psid=112390093196839343267921951
【整租】青塔 汇锦园 1室1厅,汇锦园,3400,http://bj.58.com/pinpaigongyu/30867105905608x.shtml?psid=112390093196839343267921951
【整租】沙河 绿城雅居 2室1厅,绿城雅居,2700,http://bj.58.com/pinpaigongyu/30720044221752x.shtml?psid=112390093196839343267921951
【整租】远江公寓 运河大街 运河大街店,【整租】远江公寓,2590-3090,http://bj.58.com/pinpaigongyu/30866415792811x.shtml?psid=112390093196839343267921951
【整租】沙河 恒大城 3室1厅,恒大城,3400,http://bj.58.com/pinpaigongyu/30929477206980x.shtml?psid=112390093196839343267921951
【整租】熊猫公寓 南磨房 北工大店,【整租】熊猫公寓,3500-4200,http://bj.58.com/pinpaigongyu/30866410978503x.shtml?psid=112390093196839343267921951
【合租】望京 银领国际 3室主卧,银领国际,2410,http://bj.58.com/pinpaigongyu/30909866972102x.shtml?psid=112390093196839343267921951
【合租】黄村 蓝天花园 3室主卧,蓝天花园,2340,http://bj.58.com/pinpaigongyu/30910542884423x.shtml?psid=112390093196839343267921951
【整租】东坝 北京城建福润四季 2室1厅,北京城建福润四季,3600,http://bj.58.com/pinpaigongyu/30203569560016x.shtml?psid=112390093196839343267921951
【整租】好客公寓 亦庄 好客公寓,【整租】好客公寓,3200-3300,http://bj.58.com/pinpaigongyu/30257178523979x.shtml?psid=112390093196839343267921951
【整租】东坝 北京城建福润四季 2室2厅,北京城建福润四季,3800,http://bj.58.com/pinpaigongyu/30247351273534x.shtml?psid=112390093196839343267921951
【合租】朝青板块 青年汇佳园 3室主卧,青年汇佳园,2160,http://bj.58.com/pinpaigongyu/30555498866110x.shtml?psid=112390093196839343267921951
【合租】潘家园 松榆西里 3室次卧,松榆西里,2250,http://bj.58.com/pinpaigongyu/30766228543438x.shtml?psid=112390093196839343267921951
【整租】好客公寓 亦庄 好客公寓,【整租】好客公寓,2800-3000,http://bj.58.com/pinpaigongyu/29849349071440x.shtml?psid=112390093196839343267921951
【合租】国贸 观音惠园 3室主卧,观音惠园,2500,http://bj.58.com/pinpaigongyu/30777884137777x.shtml?psid=112390093196839343267921951
【整租】东坝 福润四季 2室1厅,福润四季,3500,http://bj.58.com/pinpaigongyu/29858037157170x.shtml?psid=112390093196839343267921951
【合租】回龙观 融泽嘉园二号院( 2室主卧,融泽嘉园二号院(,2080,http://bj.58.com/pinpaigongyu/30941649049540x.shtml?psid=112390093196839343267921951
【合租】常营 连心园 3室主卧,连心园,2800,http://bj.58.com/pinpaigongyu/30800455556280x.shtml?psid=112390093196839343267921951
【整租】远江公寓 运河大街 运河大街店,【整租】远江公寓,2880-3480,http://bj.58.com/pinpaigongyu/30844692267702x.shtml?psid=189892483196839343968873662
【合租】回龙观 龙腾苑六区 3室主卧,龙腾苑六区,2460,http://bj.58.com/pinpaigongyu/30521287672243x.shtml?psid=189892483196839343968873662
【整租】远江公寓 运河大街 运河大街店,【整租】远江公寓,2380-3080,http://bj.58.com/pinpaigongyu/30566901515972x.shtml?psid=189892483196839343968873662
【整租】生物医药基地 保利春天派 1室1厅,保利春天派,3260,http://bj.58.com/pinpaigongyu/30930718558029x.shtml?psid=189892483196839343968873662
【整租】望京 香江北岸 1室1厅,香江北岸,3800,http://bj.58.com/pinpaigongyu/30623737282739x.shtml?psid=189892483196839343968873662
【整租】远江公寓 运河大街 运河大街店,【整租】远江公寓,2590-3090,http://bj.58.com/pinpaigongyu/30866415792811x.shtml?psid=189892483196839343968873662
【整租】定福庄 函数公寓（传媒大 1室1厅,函数公寓（传媒大,2500,http://bj.58.com/pinpaigongyu/30091569752901x.shtml?psid=189892483196839343968873662
【整租】熊猫公寓 南磨房 北工大店,【整租】熊猫公寓,3500-4200,http://bj.58.com/pinpaigongyu/30866410978503x.shtml?psid=189892483196839343968873662
【整租】沙河 恒大城 2室1厅,恒大城,3200,http://bj.58.com/pinpaigongyu/30907057559500x.shtml?psid=189892483196839343968873662
【整租】亦庄 万源街乐乎城市青 1室1厅,万源街乐乎城市青,2800,http://bj.58.com/pinpaigongyu/30775827741893x.shtml?psid=189892483196839343968873662
【合租】朝青板块 青年汇佳园 3室主卧,青年汇佳园,2160,http://bj.58.com/pinpaigongyu/30555498866110x.shtml?psid=189892483196839343968873662
【整租】好客公寓 亦庄 好客公寓,【整租】好客公寓,3200-3300,http://bj.58.com/pinpaigongyu/30257178523979x.shtml?psid=189892483196839343968873662
【合租】望京 望京花园东区 3室次卧,望京花园东区,2270,http://bj.58.com/pinpaigongyu/30865670250184x.shtml?psid=189892483196839343968873662
【合租】国贸 观音惠园 3室主卧,观音惠园,2500,http://bj.58.com/pinpaigongyu/30777884137777x.shtml?psid=189892483196839343968873662
【整租】东坝 福润四季 2室1厅,福润四季,3500,http://bj.58.com/pinpaigongyu/29858037157170x.shtml?psid=189892483196839343968873662
【整租】好客公寓 亦庄 好客公寓,【整租】好客公寓,2800-3000,http://bj.58.com/pinpaigongyu/29849349071440x.shtml?psid=189892483196839343968873662
【合租】常营 连心园 3室主卧,连心园,2800,http://bj.58.com/pinpaigongyu/30800455556280x.shtml?psid=189892483196839343968873662
【整租】东坝 福润四季 2室1厅,福润四季,3700,http://bj.58.com/pinpaigongyu/29858013345201x.shtml?psid=189892483196839343968873662
【合租】双井 观音惠园 3室主卧,观音惠园,2300,http://bj.58.com/pinpaigongyu/30777681683902x.shtml?psid=189892483196839343968873662
【合租】回龙观 领秀慧谷A区 3室主卧,领秀慧谷A区,2300,http://bj.58.com/pinpaigongyu/30580076799421x.shtml?psid=189892483196839343968873662
【整租】远江公寓 运河大街 运河大街店,【整租】远江公寓,2880-3480,http://bj.58.com/pinpaigongyu/30844692267702x.shtml?psid=145069748196839344666663814
【合租】孙河 康营家园6期 2室主卧,康营家园6期,2040,http://bj.58.com/pinpaigongyu/30940293333836x.shtml?psid=145069748196839344666663814
【整租】远江公寓 运河大街 运河大街店,【整租】远江公寓,2380-3080,http://bj.58.com/pinpaigongyu/30566901515972x.shtml?psid=145069748196839344666663814
【整租】芍药居 芍药居乐乎城市青 1室1厅,芍药居乐乎城市青,3100,http://bj.58.com/pinpaigongyu/30787732058307x.shtml?psid=145069748196839344666663814
【整租】沙河 恒大城 2室1厅,恒大城,3200,http://bj.58.com/pinpaigongyu/30907057559500x.shtml?psid=145069748196839344666663814
【整租】远江公寓 运河大街 运河大街店,【整租】远江公寓,2590-3090,http://bj.58.com/pinpaigongyu/30866415792811x.shtml?psid=145069748196839344666663814
【整租】大望路 百子湾 1室1厅,百子湾,3400,http://bj.58.com/pinpaigongyu/30731283454393x.shtml?psid=145069748196839344666663814
【整租】熊猫公寓 南磨房 北工大店,【整租】熊猫公寓,3500-4200,http://bj.58.com/pinpaigongyu/30866410978503x.shtml?psid=145069748196839344666663814
【合租】潘家园 弘善家园 3室次卧,弘善家园,2180,http://bj.58.com/pinpaigongyu/30788926550196x.shtml?psid=145069748196839344666663814
【合租】潘家园 潘家园东里 3室主卧,潘家园东里,2980,http://bj.58.com/pinpaigongyu/30877934095041x.shtml?psid=145069748196839344666663814
【合租】国贸 观音惠园 3室主卧,观音惠园,2500,http://bj.58.com/pinpaigongyu/30777884137777x.shtml?psid=145069748196839344666663814
【整租】好客公寓 亦庄 好客公寓,【整租】好客公寓,3200-3300,http://bj.58.com/pinpaigongyu/30257178523979x.shtml?psid=145069748196839344666663814
【合租】回龙观 融泽嘉园二号院( 2室主卧,融泽嘉园二号院(,2080,http://bj.58.com/pinpaigongyu/30941649049540x.shtml?psid=145069748196839344666663814
【合租】常营 连心园 3室主卧,连心园,2800,http://bj.58.com/pinpaigongyu/30800455556280x.shtml?psid=145069748196839344666663814
【整租】东坝 福润四季 2室1厅,福润四季,3700,http://bj.58.com/pinpaigongyu/29858013345201x.shtml?psid=145069748196839344666663814
【整租】好客公寓 亦庄 好客公寓,【整租】好客公寓,2800-3000,http://bj.58.com/pinpaigongyu/29849349071440x.shtml?psid=145069748196839344666663814
【合租】回龙观 领秀慧谷A区 3室主卧,领秀慧谷A区,2300,http://bj.58.com/pinpaigongyu/30580076799421x.shtml?psid=145069748196839344666663814
【整租】好客公寓 亦庄 好客公寓,【整租】好客公寓,2800-3000,http://bj.58.com/pinpaigongyu/30677309207233x.shtml?psid=145069748196839344666663814
【合租】CBD 通盛公寓 1室次卧,通盛公寓,2300,http://bj.58.com/pinpaigongyu/30713023008178x.shtml?psid=145069748196839344666663814
【整租】东坝 金隅汇景苑 3室0厅,金隅汇景苑,4000,http://bj.58.com/pinpaigongyu/30767155802446x.shtml?psid=145069748196839344666663814
【整租】远江公寓 运河大街 运河大街店,【整租】远江公寓,2880-3480,http://bj.58.com/pinpaigongyu/30844692267702x.shtml?psid=129756313196839345407180060
【整租】亦庄 万源街乐乎城市青 1室1厅,万源街乐乎城市青,2800,http://bj.58.com/pinpaigongyu/30775827741893x.shtml?psid=129756313196839345407180060
【整租】远江公寓 运河大街 运河大街店,【整租】远江公寓,2380-3080,http://bj.58.com/pinpaigongyu/30566901515972x.shtml?psid=129756313196839345407180060
【整租】双井 熊猫公寓 1室1厅,熊猫公寓,3400,http://bj.58.com/pinpaigongyu/30726327835827x.shtml?psid=129756313196839345407180060
【合租】潘家园 弘善家园 3室次卧,弘善家园,2180,http://bj.58.com/pinpaigongyu/30788926550196x.shtml?psid=129756313196839345407180060
【整租】远江公寓 运河大街 运河大街店,【整租】远江公寓,2590-3090,http://bj.58.com/pinpaigongyu/30866415792811x.shtml?psid=129756313196839345407180060
【整租】十里河 十里河乐乎城市青 1室1厅,十里河乐乎城市青,3400,http://bj.58.com/pinpaigongyu/30865403454261x.shtml?psid=129756313196839345407180060
【整租】熊猫公寓 南磨房 北工大店,【整租】熊猫公寓,3500-4200,http://bj.58.com/pinpaigongyu/30866410978503x.shtml?psid=129756313196839345407180060
【合租】青塔 天鸿美域北区 4室主卧,天鸿美域北区,2200,http://bj.58.com/pinpaigongyu/30117337832889x.shtml?psid=129756313196839345407180060
【整租】国贸 熊猫公寓 1室1厅,熊猫公寓,3400,http://bj.58.com/pinpaigongyu/30730643277501x.shtml?psid=129756313196839345407180060
【整租】东坝 北京城建福润四季 2室2厅,北京城建福润四季,3800,http://bj.58.com/pinpaigongyu/30247351273534x.shtml?psid=129756313196839345407180060
【整租】好客公寓 亦庄 好客公寓,【整租】好客公寓,3200-3300,http://bj.58.com/pinpaigongyu/30257178523979x.shtml?psid=129756313196839345407180060
【合租】潘家园 松榆西里 3室次卧,松榆西里,2250,http://bj.58.com/pinpaigongyu/30766228543438x.shtml?psid=129756313196839345407180060
【合租】望京 望京花园东区 3室次卧,望京花园东区,2270,http://bj.58.com/pinpaigongyu/30865670250184x.shtml?psid=129756313196839345407180060
【合租】国贸 观音惠园 3室主卧,观音惠园,2500,http://bj.58.com/pinpaigongyu/30777884137777x.shtml?psid=129756313196839345407180060
【整租】好客公寓 亦庄 好客公寓,【整租】好客公寓,2800-3000,http://bj.58.com/pinpaigongyu/29849349071440x.shtml?psid=129756313196839345407180060
【合租】回龙观 融泽嘉园二号院( 2室主卧,融泽嘉园二号院(,2080,http://bj.58.com/pinpaigongyu/30941649049540x.shtml?psid=129756313196839345407180060
【合租】常营 连心园 3室主卧,连心园,2800,http://bj.58.com/pinpaigongyu/30800455556280x.shtml?psid=129756313196839345407180060
【整租】东坝 福润四季 2室1厅,福润四季,3700,http://bj.58.com/pinpaigongyu/29858013345201x.shtml?psid=129756313196839345407180060
【合租】双井 观音惠园 3室主卧,观音惠园,2300,http://bj.58.com/pinpaigongyu/30777681683902x.shtml?psid=129756313196839345407180060
【整租】远江公寓 运河大街 运河大街店,【整租】远江公寓,2880-3480,http://bj.58.com/pinpaigongyu/30844692267702x.shtml?psid=158459463196839346109386060
【整租】亦庄 万源街乐乎城市青 1室1厅,万源街乐乎城市青,2800,http://bj.58.com/pinpaigongyu/30775827741893x.shtml?psid=158459463196839346109386060
【整租】远江公寓 运河大街 运河大街店,【整租】远江公寓,2380-3080,http://bj.58.com/pinpaigongyu/30566901515972x.shtml?psid=158459463196839346109386060
【整租】双井 熊猫公寓 1室1厅,熊猫公寓,3400,http://bj.58.com/pinpaigongyu/30726327835827x.shtml?psid=158459463196839346109386060
【合租】潘家园 弘善家园 3室次卧,弘善家园,2180,http://bj.58.com/pinpaigongyu/30788926550196x.shtml?psid=158459463196839346109386060
【整租】远江公寓 运河大街 运河大街店,【整租】远江公寓,2590-3090,http://bj.58.com/pinpaigongyu/30866415792811x.shtml?psid=158459463196839346109386060
【整租】十里河 十里河乐乎城市青 1室1厅,十里河乐乎城市青,3400,http://bj.58.com/pinpaigongyu/30865403454261x.shtml?psid=158459463196839346109386060
【整租】熊猫公寓 南磨房 北工大店,【整租】熊猫公寓,3500-4200,http://bj.58.com/pinpaigongyu/30866410978503x.shtml?psid=158459463196839346109386060
【合租】青塔 天鸿美域北区 4室主卧,天鸿美域北区,2200,http://bj.58.com/pinpaigongyu/30117337832889x.shtml?psid=158459463196839346109386060
【整租】国贸 熊猫公寓 1室1厅,熊猫公寓,3400,http://bj.58.com/pinpaigongyu/30730643277501x.shtml?psid=158459463196839346109386060
【合租】双井 观音惠园 3室主卧,观音惠园,2300,http://bj.58.com/pinpaigongyu/30777681683902x.shtml?psid=158459463196839346109386060
【整租】好客公寓 亦庄 好客公寓,【整租】好客公寓,3200-3300,http://bj.58.com/pinpaigongyu/30257178523979x.shtml?psid=158459463196839346109386060
【整租】好客公寓 亦庄 好客公寓,【整租】好客公寓,2800-3000,http://bj.58.com/pinpaigongyu/30677309207233x.shtml?psid=158459463196839346109386060
【合租】CBD 通盛公寓 1室次卧,通盛公寓,2300,http://bj.58.com/pinpaigongyu/30713023008178x.shtml?psid=158459463196839346109386060
【整租】东坝 金隅汇景苑 3室0厅,金隅汇景苑,4000,http://bj.58.com/pinpaigongyu/30767155802446x.shtml?psid=158459463196839346109386060
【整租】好客公寓 亦庄 好客公寓,【整租】好客公寓,2800-3000,http://bj.58.com/pinpaigongyu/29849349071440x.shtml?psid=158459463196839346109386060
【合租】亚运村 安立花园小区 3室次卧,安立花园小区,2650,http://bj.58.com/pinpaigongyu/30800678780481x.shtml?psid=158459463196839346109386060
【合租】高碑店 北花园小区 3室主卧,北花园小区,2600,http://bj.58.com/pinpaigongyu/30778536012204x.shtml?psid=158459463196839346109386060
【合租】龙泽 融泽嘉园6号院 3室主卧,融泽嘉园6号院,2480,http://bj.58.com/pinpaigongyu/30455099553230x.shtml?psid=158459463196839346109386060
【整租】东坝 北京城建福润四季 2室2厅,北京城建福润四季,3800,http://bj.58.com/pinpaigongyu/30259085725503x.shtml?psid=158459463196839346109386060
【整租】远江公寓 运河大街 运河大街店,【整租】远江公寓,2880-3480,http://bj.58.com/pinpaigongyu/30844692267702x.shtml?psid=160636631196839346813072141
【整租】十里河 十里河乐乎城市青 1室1厅,十里河乐乎城市青,3400,http://bj.58.com/pinpaigongyu/30865403454261x.shtml?psid=160636631196839346813072141
【整租】远江公寓 运河大街 运河大街店,【整租】远江公寓,2380-3080,http://bj.58.com/pinpaigongyu/30566901515972x.shtml?psid=160636631196839346813072141
【合租】青塔 天鸿美域北区 4室主卧,天鸿美域北区,2200,http://bj.58.com/pinpaigongyu/30117337832889x.shtml?psid=160636631196839346813072141
【整租】国贸 熊猫公寓 1室1厅,熊猫公寓,3400,http://bj.58.com/pinpaigongyu/30730643277501x.shtml?psid=160636631196839346813072141
【整租】远江公寓 运河大街 运河大街店,【整租】远江公寓,2590-3090,http://bj.58.com/pinpaigongyu/30866415792811x.shtml?psid=160636631196839346813072141
【合租】望京 望京花园西区 3室主卧,望京花园西区,2750,http://bj.58.com/pinpaigongyu/30922567130050x.shtml?psid=160636631196839346813072141
【整租】熊猫公寓 南磨房 北工大店,【整租】熊猫公寓,3500-4200,http://bj.58.com/pinpaigongyu/30866410978503x.shtml?psid=160636631196839346813072141
【合租】常营 中弘北京像素北区 3室次卧,中弘北京像素北区,2380,http://bj.58.com/pinpaigongyu/30775913586866x.shtml?psid=160636631196839346813072141
【合租】四惠 通惠家园惠生园 3室主卧,通惠家园惠生园,2320,http://bj.58.com/pinpaigongyu/30919184683209x.shtml?psid=160636631196839346813072141
【合租】后沙峪 双裕花园 3室主卧,双裕花园,2480,http://bj.58.com/pinpaigongyu/30866265010609x.shtml?psid=160636631196839346813072141
【整租】好客公寓 亦庄 好客公寓,【整租】好客公寓,3200-3300,http://bj.58.com/pinpaigongyu/30257178523979x.shtml?psid=160636631196839346813072141
【合租】四惠 观音惠园 3室主卧,观音惠园,2100,http://bj.58.com/pinpaigongyu/30778488527275x.shtml?psid=160636631196839346813072141
【合租】国贸 观音惠园 3室主卧,观音惠园,2500,http://bj.58.com/pinpaigongyu/30778514129486x.shtml?psid=160636631196839346813072141
【整租】东坝 北京城建福润四季 2室1厅,北京城建福润四季,3600,http://bj.58.com/pinpaigongyu/30203569560016x.shtml?psid=160636631196839346813072141
【整租】好客公寓 亦庄 好客公寓,【整租】好客公寓,2800-3000,http://bj.58.com/pinpaigongyu/29849349071440x.shtml?psid=160636631196839346813072141
【整租】东坝 北京城建福润四季 2室2厅,北京城建福润四季,3800,http://bj.58.com/pinpaigongyu/30247351273534x.shtml?psid=160636631196839346813072141
【合租】朝青板块 青年汇佳园 3室主卧,青年汇佳园,2160,http://bj.58.com/pinpaigongyu/30555498866110x.shtml?psid=160636631196839346813072141
【合租】潘家园 松榆西里 3室次卧,松榆西里,2250,http://bj.58.com/pinpaigongyu/30766228543438x.shtml?psid=160636631196839346813072141
【合租】望京 望京花园东区 3室次卧,望京花园东区,2270,http://bj.58.com/pinpaigongyu/30865670250184x.shtml?psid=160636631196839346813072141
【整租】远江公寓 运河大街 运河大街店,【整租】远江公寓,2880-3480,http://bj.58.com/pinpaigongyu/30844692267702x.shtml?psid=195249738196839347523697951
【合租】朝青板块 汇成家园 3室主卧,汇成家园,3780,http://bj.58.com/pinpaigongyu/30908087366604x.shtml?psid=195249738196839347523697951
【整租】远江公寓 运河大街 运河大街店,【整租】远江公寓,2380-3080,http://bj.58.com/pinpaigongyu/30566901515972x.shtml?psid=195249738196839347523697951
【合租】四惠 通惠家园惠生园 3室主卧,通惠家园惠生园,2320,http://bj.58.com/pinpaigongyu/30919184683209x.shtml?psid=195249738196839347523697951
【合租】龙泽 新龙城 3室次卧,新龙城,2160,http://bj.58.com/pinpaigongyu/30568181384637x.shtml?psid=195249738196839347523697951
【整租】远江公寓 运河大街 运河大街店,【整租】远江公寓,2590-3090,http://bj.58.com/pinpaigongyu/30866415792811x.shtml?psid=195249738196839347523697951
【整租】高米店 星光影视园 1室1厅,星光影视园,2590,http://bj.58.com/pinpaigongyu/30877523451716x.shtml?psid=195249738196839347523697951
【整租】熊猫公寓 南磨房 北工大店,【整租】熊猫公寓,3500-4200,http://bj.58.com/pinpaigongyu/30866410978503x.shtml?psid=195249738196839347523697951
【合租】回龙观 昌平路380号院 4室主卧,昌平路380号院,2400,http://bj.58.com/pinpaigongyu/30785837025594x.shtml?psid=195249738196839347523697951
【合租】天通苑 天通苑西一区 3室主卧,天通苑西一区,2430,http://bj.58.com/pinpaigongyu/30921595097778x.shtml?psid=195249738196839347523697951
【整租】东坝 金隅悦和园 2室1厅,金隅悦和园,3800,http://bj.58.com/pinpaigongyu/29834420080303x.shtml?psid=195249738196839347523697951
【整租】青遇home 高碑店 青遇店,高碑店,2700,http://bj.58.com/pinpaigongyu/30878076301353x.shtml?psid=195249738196839347523697951
【整租】东坝 北京城建福润四季 2室1厅,北京城建福润四季,3600,http://bj.58.com/pinpaigongyu/29845555704622x.shtml?psid=195249738196839347523697951
【整租】东坝 金隅汇景苑 2室1厅,金隅汇景苑,3800,http://bj.58.com/pinpaigongyu/29538728129485x.shtml?psid=195249738196839347523697951
【合租】玉桥 艺苑西里 1室次卧,艺苑西里,2600,http://bj.58.com/pinpaigongyu/30710961447736x.shtml?psid=195249738196839347523697951
【整租】好客公寓 亦庄 好客公寓,【整租】好客公寓,3200-3300,http://bj.58.com/pinpaigongyu/30257178523979x.shtml?psid=195249738196839347523697951
【合租】常营 保利嘉园 3室主卧,保利嘉园,2300,http://bj.58.com/pinpaigongyu/30798987696050x.shtml?psid=195249738196839347523697951
【合租】四惠 观音惠园 3室主卧,观音惠园,2100,http://bj.58.com/pinpaigongyu/30778488527275x.shtml?psid=195249738196839347523697951
【合租】国贸 观音惠园 3室主卧,观音惠园,2500,http://bj.58.com/pinpaigongyu/30778514129486x.shtml?psid=195249738196839347523697951
【整租】东坝 北京城建福润四季 2室1厅,北京城建福润四季,3600,http://bj.58.com/pinpaigongyu/30203569560016x.shtml?psid=195249738196839347523697951
【整租】远江公寓 运河大街 运河大街店,【整租】远江公寓,2880-3480,http://bj.58.com/pinpaigongyu/30844692267702x.shtml?psid=197332485196839348212785403
【整租】高米店 星光影视园 1室1厅,星光影视园,2590,http://bj.58.com/pinpaigongyu/30877523451716x.shtml?psid=197332485196839348212785403
【整租】远江公寓 运河大街 运河大街店,【整租】远江公寓,2380-3080,http://bj.58.com/pinpaigongyu/30566901515972x.shtml?psid=197332485196839348212785403
【合租】回龙观 昌平路380号院 4室主卧,昌平路380号院,2400,http://bj.58.com/pinpaigongyu/30785837025594x.shtml?psid=197332485196839348212785403
【合租】天通苑 天通苑西一区 3室主卧,天通苑西一区,2430,http://bj.58.com/pinpaigongyu/30921595097778x.shtml?psid=197332485196839348212785403
【整租】远江公寓 运河大街 运河大街店,【整租】远江公寓,2590-3090,http://bj.58.com/pinpaigongyu/30866415792811x.shtml?psid=197332485196839348212785403
【整租】回龙观 东亚上北中心 1室1厅,东亚上北中心,3200,http://bj.58.com/pinpaigongyu/30723603868460x.shtml?psid=197332485196839348212785403
